RECORDING_SESSION_LABEL,item,group,N1,N2,condition,SFD
o101zyh,T18,2O,2P,1I,2O-2P-1I,292
o101zyh,T20,2O,2P,1I,2O-2P-1I,646
o101zyh,T56,2O,2P,2P,2O-2P-2P,463
o101zyh,T49,2O,2P,2P,2O-2P-2P,540
o101zyh,T35,2O,1I,2P,2O-1I-2P,217
o101zyh,T38,2O,1I,2P,2O-1I-2P,574
o101zyh,T30,2O,2P,1I,2O-2P-1I,228
o101zyh,T45,2O,1I,2P,2O-1I-2P,417
o101zyh,T24,2O,2P,1I,2O-2P-1I,195
o101zyh,T47,2O,2P,2P,2O-2P-2P,296
o101zyh,T52,2O,2P,2P,2O-2P-2P,297
o101zyh,T55,2O,2P,2P,2O-2P-2P,216
o101zyh,T26,2O,2P,1I,2O-2P-1I,351
o101zyh,T60,2O,2P,2P,2O-2P-2P,298
o101zyh,T37,2O,1I,2P,2O-1I-2P,301
o101zyh,T50,2O,2P,2P,2O-2P-2P,349
o101zyh,T03,2O,1I,1I,2O-1I-1I,348
o101zyh,T32,2O,1I,2P,2O-1I-2P,137
o101zyh,T48,2O,2P,2P,2O-2P-2P,268
o101zyh,T21,2O,2P,1I,2O-2P-1I,503
o101zyh,T28,2O,2P,1I,2O-2P-1I,695
o101zyh,T07,2O,1I,1I,2O-1I-1I,349
o101zyh,T34,2O,1I,2P,2O-1I-2P,258
o101zyh,T25,2O,2P,1I,2O-2P-1I,365
o101zyh,T19,2O,2P,1I,2O-2P-1I,326
o103yyy,T07,2O,1I,1I,2O-1I-1I,158
o103yyy,T17,2O,2P,1I,2O-2P-1I,357
o103yyy,T31,2O,1I,2P,2O-1I-2P,153
o103yyy,T51,2O,2P,2P,2O-2P-2P,230
o103yyy,T05,2O,1I,1I,2O-1I-1I,217
o103yyy,T11,2O,1I,1I,2O-1I-1I,373
o103yyy,T01,2O,1I,1I,2O-1I-1I,289
o103yyy,T33,2O,1I,2P,2O-1I-2P,157
o103yyy,T21,2O,2P,1I,2O-2P-1I,165
o103yyy,T52,2O,2P,2P,2O-2P-2P,300
o103yyy,T23,2O,2P,1I,2O-2P-1I,293
o103yyy,T49,2O,2P,2P,2O-2P-2P,389
o103yyy,T60,2O,2P,2P,2O-2P-2P,364
o103yyy,T25,2O,2P,1I,2O-2P-1I,330
o103yyy,T12,2O,1I,1I,2O-1I-1I,362
o103yyy,T36,2O,1I,2P,2O-1I-2P,329
o103yyy,T08,2O,1I,1I,2O-1I-1I,285
o103yyy,T53,2O,2P,2P,2O-2P-2P,340
o103yyy,T10,2O,1I,1I,2O-1I-1I,276
o103yyy,T34,2O,1I,2P,2O-1I-2P,414
o103yyy,T06,2O,1I,1I,2O-1I-1I,361
o103yyy,T38,2O,1I,2P,2O-1I-2P,270
o103yyy,T59,2O,2P,2P,2O-2P-2P,319
o103yyy,T35,2O,1I,2P,2O-1I-2P,206
o103yyy,T45,2O,1I,2P,2O-1I-2P,314
o103yyy,T19,2O,2P,1I,2O-2P-1I,288
o103yyy,T26,2O,2P,1I,2O-2P-1I,506
o103yyy,T15,2O,1I,1I,2O-1I-1I,326
o103yyy,T29,2O,2P,1I,2O-2P-1I,361
o103yyy,T47,2O,2P,2P,2O-2P-2P,314
o103yyy,T24,2O,2P,1I,2O-2P-1I,352
o103yyy,T58,2O,2P,2P,2O-2P-2P,414
o103yyy,T28,2O,2P,1I,2O-2P-1I,338
o103yyy,T48,2O,2P,2P,2O-2P-2P,205
o103yyy,T44,2O,1I,2P,2O-1I-2P,255
o103yyy,T03,2O,1I,1I,2O-1I-1I,308
o108wxg,T44,2O,1I,2P,2O-1I-2P,200
o108wxg,T49,2O,2P,2P,2O-2P-2P,188
o108wxg,T25,2O,2P,1I,2O-2P-1I,294
o108wxg,T01,2O,1I,1I,2O-1I-1I,212
o108wxg,T50,2O,2P,2P,2O-2P-2P,248
o108wxg,T33,2O,1I,2P,2O-1I-2P,240
o108wxg,T41,2O,1I,2P,2O-1I-2P,445
o108wxg,T60,2O,2P,2P,2O-2P-2P,379
o108wxg,T13,2O,1I,1I,2O-1I-1I,193
o108wxg,T31,2O,1I,2P,2O-1I-2P,234
o108wxg,T24,2O,2P,1I,2O-2P-1I,390
o108wxg,T58,2O,2P,2P,2O-2P-2P,393
o108wxg,T35,2O,1I,2P,2O-1I-2P,264
o108wxg,T36,2O,1I,2P,2O-1I-2P,200
o108wxg,T56,2O,2P,2P,2O-2P-2P,390
o108wxg,T19,2O,2P,1I,2O-2P-1I,477
o108wxg,T52,2O,2P,2P,2O-2P-2P,315
o108wxg,T51,2O,2P,2P,2O-2P-2P,272
o108wxg,T23,2O,2P,1I,2O-2P-1I,257
o108wxg,T42,2O,1I,2P,2O-1I-2P,224
o108wxg,T18,2O,2P,1I,2O-2P-1I,390
o108wxg,T04,2O,1I,1I,2O-1I-1I,244
o109zgp,T06,2O,1I,1I,2O-1I-1I,322
o109zgp,T57,2O,2P,2P,2O-2P-2P,318
o109zgp,T33,2O,1I,2P,2O-1I-2P,470
o109zgp,T38,2O,1I,2P,2O-1I-2P,242
o109zgp,T42,2O,1I,2P,2O-1I-2P,330
o109zgp,T37,2O,1I,2P,2O-1I-2P,330
o109zgp,T30,2O,2P,1I,2O-2P-1I,369
o109zgp,T58,2O,2P,2P,2O-2P-2P,190
o109zgp,T46,2O,2P,2P,2O-2P-2P,173
o109zgp,T43,2O,1I,2P,2O-1I-2P,242
o109zgp,T48,2O,2P,2P,2O-2P-2P,281
o109zgp,T15,2O,1I,1I,2O-1I-1I,190
o109zgp,T02,2O,1I,1I,2O-1I-1I,344
o109zgp,T03,2O,1I,1I,2O-1I-1I,323
o109zgp,T25,2O,2P,1I,2O-2P-1I,212
o109zgp,T31,2O,1I,2P,2O-1I-2P,359
o109zgp,T13,2O,1I,1I,2O-1I-1I,250
o109zgp,T35,2O,1I,2P,2O-1I-2P,308
o109zgp,T53,2O,2P,2P,2O-2P-2P,201
o109zgp,T34,2O,1I,2P,2O-1I-2P,185
o109zgp,T41,2O,1I,2P,2O-1I-2P,220
o110yzl,T59,2O,2P,2P,2O-2P-2P,200
o110yzl,T44,2O,1I,2P,2O-1I-2P,283
o110yzl,T20,2O,2P,1I,2O-2P-1I,397
o110yzl,T14,2O,1I,1I,2O-1I-1I,350
o110yzl,T36,2O,1I,2P,2O-1I-2P,834
o110yzl,T01,2O,1I,1I,2O-1I-1I,238
o110yzl,T26,2O,2P,1I,2O-2P-1I,89
o110yzl,T03,2O,1I,1I,2O-1I-1I,312
o110yzl,T56,2O,2P,2P,2O-2P-2P,134
o110yzl,T18,2O,2P,1I,2O-2P-1I,501
o110yzl,T16,2O,2P,1I,2O-2P-1I,201
o110yzl,T51,2O,2P,2P,2O-2P-2P,148
o110yzl,T07,2O,1I,1I,2O-1I-1I,232
o110yzl,T60,2O,2P,2P,2O-2P-2P,593
o110yzl,T09,2O,1I,1I,2O-1I-1I,831
o110yzl,T31,2O,1I,2P,2O-1I-2P,363
o110yzl,T34,2O,1I,2P,2O-1I-2P,308
o110yzl,T45,2O,1I,2P,2O-1I-2P,322
o110yzl,T35,2O,1I,2P,2O-1I-2P,208
o110yzl,T28,2O,2P,1I,2O-2P-1I,287
o110yzl,T42,2O,1I,2P,2O-1I-2P,393
o110yzl,T30,2O,2P,1I,2O-2P-1I,290
o110yzl,T15,2O,1I,1I,2O-1I-1I,208
o110yzl,T23,2O,2P,1I,2O-2P-1I,482
o110yzl,T21,2O,2P,1I,2O-2P-1I,198
o112lxm,T56,2O,2P,2P,2O-2P-2P,350
o112lxm,T23,2O,2P,1I,2O-2P-1I,198
o112lxm,T43,2O,1I,2P,2O-1I-2P,308
o112lxm,T07,2O,1I,1I,2O-1I-1I,373
o112lxm,T22,2O,2P,1I,2O-2P-1I,558
o112lxm,T35,2O,1I,2P,2O-1I-2P,438
o112lxm,T03,2O,1I,1I,2O-1I-1I,328
o112lxm,T10,2O,1I,1I,2O-1I-1I,141
o112lxm,T41,2O,1I,2P,2O-1I-2P,434
o112lxm,T13,2O,1I,1I,2O-1I-1I,400
o112lxm,T37,2O,1I,2P,2O-1I-2P,510
o112lxm,T45,2O,1I,2P,2O-1I-2P,640
o112lxm,T28,2O,2P,1I,2O-2P-1I,472
o112lxm,T50,2O,2P,2P,2O-2P-2P,186
o112lxm,T49,2O,2P,2P,2O-2P-2P,363
o112lxm,T36,2O,1I,2P,2O-1I-2P,454
o112lxm,T06,2O,1I,1I,2O-1I-1I,236
o112lxm,T48,2O,2P,2P,2O-2P-2P,561
o112lxm,T19,2O,2P,1I,2O-2P-1I,319
o112lxm,T04,2O,1I,1I,2O-1I-1I,217
o112lxm,T46,2O,2P,2P,2O-2P-2P,429
o112lxm,T05,2O,1I,1I,2O-1I-1I,314
o112lxm,T57,2O,2P,2P,2O-2P-2P,444
o112lxm,T26,2O,2P,1I,2O-2P-1I,516
o112lxm,T34,2O,1I,2P,2O-1I-2P,531
o112lxm,T59,2O,2P,2P,2O-2P-2P,954
o112lxm,T55,2O,2P,2P,2O-2P-2P,347
o112lxm,T51,2O,2P,2P,2O-2P-2P,420
o112lxm,T42,2O,1I,2P,2O-1I-2P,321
o112lxm,T18,2O,2P,1I,2O-2P-1I,332
o112lxm,T58,2O,2P,2P,2O-2P-2P,502
o112lxm,T12,2O,1I,1I,2O-1I-1I,340
o112lxm,T53,2O,2P,2P,2O-2P-2P,309
o112lxm,T25,2O,2P,1I,2O-2P-1I,443
o112lxm,T24,2O,2P,1I,2O-2P-1I,185
o112lxm,T33,2O,1I,2P,2O-1I-2P,255
o112lxm,T02,2O,1I,1I,2O-1I-1I,286
o112lxm,T27,2O,2P,1I,2O-2P-1I,438
o112lxm,T09,2O,1I,1I,2O-1I-1I,191
o113wbq,T53,2O,2P,2P,2O-2P-2P,279
o113wbq,T35,2O,1I,2P,2O-1I-2P,434
o113wbq,T21,2O,2P,1I,2O-2P-1I,284
o113wbq,T16,2O,2P,1I,2O-2P-1I,197
o113wbq,T55,2O,2P,2P,2O-2P-2P,239
o113wbq,T13,2O,1I,1I,2O-1I-1I,228
o113wbq,T50,2O,2P,2P,2O-2P-2P,724
o113wbq,T41,2O,1I,2P,2O-1I-2P,292
o113wbq,T18,2O,2P,1I,2O-2P-1I,321
o113wbq,T52,2O,2P,2P,2O-2P-2P,173
o113wbq,T49,2O,2P,2P,2O-2P-2P,480
o113wbq,T51,2O,2P,2P,2O-2P-2P,273
o113wbq,T12,2O,1I,1I,2O-1I-1I,244
o113wbq,T32,2O,1I,2P,2O-1I-2P,223
o113wbq,T56,2O,2P,2P,2O-2P-2P,257
o202lrk,T21,2O,1I,1I,2O-1I-1I,564
o202lrk,T36,2O,2P,2P,2O-2P-2P,144
o202lrk,T54,2O,1I,2P,2O-1I-2P,178
o202lrk,T48,2O,1I,2P,2O-1I-2P,214
o202lrk,T52,2O,1I,2P,2O-1I-2P,329
o202lrk,T30,2O,1I,1I,2O-1I-1I,382
o202lrk,T51,2O,1I,2P,2O-1I-2P,217
o202lrk,T18,2O,1I,1I,2O-1I-1I,269
o202lrk,T01,2O,2P,1I,2O-2P-1I,402
o202lrk,T58,2O,1I,2P,2O-1I-2P,283
o202lrk,T38,2O,2P,2P,2O-2P-2P,373
o202lrk,T41,2O,2P,2P,2O-2P-2P,263
o202lrk,T29,2O,1I,1I,2O-1I-1I,205
o202lrk,T34,2O,2P,2P,2O-2P-2P,313
o202lrk,T02,2O,2P,1I,2O-2P-1I,209
o202lrk,T49,2O,1I,2P,2O-1I-2P,217
o202lrk,T10,2O,2P,1I,2O-2P-1I,276
o202lrk,T53,2O,1I,2P,2O-1I-2P,460
o202lrk,T40,2O,2P,2P,2O-2P-2P,460
o202lrk,T20,2O,1I,1I,2O-1I-1I,284
o202lrk,T55,2O,1I,2P,2O-1I-2P,343
o202lrk,T11,2O,2P,1I,2O-2P-1I,442
o202lrk,T31,2O,2P,2P,2O-2P-2P,330
o202lrk,T45,2O,2P,2P,2O-2P-2P,177
o202lrk,T32,2O,2P,2P,2O-2P-2P,326
o202lrk,T46,2O,1I,2P,2O-1I-2P,193
o202lrk,T09,2O,2P,1I,2O-2P-1I,517
o202lrk,T44,2O,2P,2P,2O-2P-2P,201
o202lrk,T39,2O,2P,2P,2O-2P-2P,243
o202lrk,T26,2O,1I,1I,2O-1I-1I,197
o203wwx,T29,2O,1I,1I,2O-1I-1I,251
o203wwx,T12,2O,2P,1I,2O-2P-1I,310
o203wwx,T06,2O,2P,1I,2O-2P-1I,194
o203wwx,T10,2O,2P,1I,2O-2P-1I,324
o203wwx,T50,2O,1I,2P,2O-1I-2P,362
o203wwx,T53,2O,1I,2P,2O-1I-2P,479
o203wwx,T26,2O,1I,1I,2O-1I-1I,274
o203wwx,T34,2O,2P,2P,2O-2P-2P,282
o203wwx,T38,2O,2P,2P,2O-2P-2P,264
o203wwx,T56,2O,1I,2P,2O-1I-2P,433
o203wwx,T04,2O,2P,1I,2O-2P-1I,330
o203wwx,T22,2O,1I,1I,2O-1I-1I,166
o203wwx,T55,2O,1I,2P,2O-1I-2P,353
o203wwx,T47,2O,1I,2P,2O-1I-2P,308
o203wwx,T54,2O,1I,2P,2O-1I-2P,312
o203wwx,T05,2O,2P,1I,2O-2P-1I,215
o203wwx,T52,2O,1I,2P,2O-1I-2P,298
o203wwx,T45,2O,2P,2P,2O-2P-2P,311
o203wwx,T44,2O,2P,2P,2O-2P-2P,344
o203wwx,T43,2O,2P,2P,2O-2P-2P,343
o204zzm,T16,2O,1I,1I,2O-1I-1I,269
o204zzm,T02,2O,2P,1I,2O-2P-1I,471
o204zzm,T51,2O,1I,2P,2O-1I-2P,510
o204zzm,T30,2O,1I,1I,2O-1I-1I,218
o204zzm,T05,2O,2P,1I,2O-2P-1I,467
o204zzm,T38,2O,2P,2P,2O-2P-2P,208
o204zzm,T42,2O,2P,2P,2O-2P-2P,305
o204zzm,T28,2O,1I,1I,2O-1I-1I,468
o204zzm,T39,2O,2P,2P,2O-2P-2P,283
o204zzm,T15,2O,2P,1I,2O-2P-1I,256
o204zzm,T52,2O,1I,2P,2O-1I-2P,218
o204zzm,T45,2O,2P,2P,2O-2P-2P,261
o204zzm,T17,2O,1I,1I,2O-1I-1I,241
o204zzm,T26,2O,1I,1I,2O-1I-1I,288
o204zzm,T60,2O,1I,2P,2O-1I-2P,626
o204zzm,T37,2O,2P,2P,2O-2P-2P,175
o207lgl,T31,2O,2P,2P,2O-2P-2P,359
o207lgl,T54,2O,1I,2P,2O-1I-2P,191
o207lgl,T34,2O,2P,2P,2O-2P-2P,291
o207lgl,T60,2O,1I,2P,2O-1I-2P,335
o207lgl,T41,2O,2P,2P,2O-2P-2P,413
o207lgl,T30,2O,1I,1I,2O-1I-1I,697
o207lgl,T12,2O,2P,1I,2O-2P-1I,187
o207lgl,T26,2O,1I,1I,2O-1I-1I,402
o207lgl,T40,2O,2P,2P,2O-2P-2P,294
o207lgl,T56,2O,1I,2P,2O-1I-2P,297
o207lgl,T36,2O,2P,2P,2O-2P-2P,165
o207lgl,T13,2O,2P,1I,2O-2P-1I,274
o207lgl,T10,2O,2P,1I,2O-2P-1I,365
o207lgl,T16,2O,1I,1I,2O-1I-1I,422
o207lgl,T08,2O,2P,1I,2O-2P-1I,138
o207lgl,T19,2O,1I,1I,2O-1I-1I,139
o207lgl,T01,2O,2P,1I,2O-2P-1I,279
o207lgl,T28,2O,1I,1I,2O-1I-1I,165
o207lgl,T04,2O,2P,1I,2O-2P-1I,184
o207lgl,T24,2O,1I,1I,2O-1I-1I,316
o207lgl,T02,2O,2P,1I,2O-2P-1I,471
o207lgl,T25,2O,1I,1I,2O-1I-1I,186
o207lgl,T07,2O,2P,1I,2O-2P-1I,341
o207lgl,T06,2O,2P,1I,2O-2P-1I,255
o207lgl,T23,2O,1I,1I,2O-1I-1I,304
o207lgl,T27,2O,1I,1I,2O-1I-1I,287
o207lgl,T11,2O,2P,1I,2O-2P-1I,341
o208jsm,T39,2O,2P,2P,2O-2P-2P,466
o208jsm,T20,2O,1I,1I,2O-1I-1I,211
o208jsm,T58,2O,1I,2P,2O-1I-2P,270
o208jsm,T49,2O,1I,2P,2O-1I-2P,318
o208jsm,T40,2O,2P,2P,2O-2P-2P,427
o208jsm,T33,2O,2P,2P,2O-2P-2P,656
o208jsm,T28,2O,1I,1I,2O-1I-1I,340
o208jsm,T51,2O,1I,2P,2O-1I-2P,317
o208jsm,T29,2O,1I,1I,2O-1I-1I,295
o208jsm,T55,2O,1I,2P,2O-1I-2P,408
o208jsm,T15,2O,2P,1I,2O-2P-1I,489
o208jsm,T09,2O,2P,1I,2O-2P-1I,450
o208jsm,T32,2O,2P,2P,2O-2P-2P,316
o208jsm,T18,2O,1I,1I,2O-1I-1I,212
o208jsm,T11,2O,2P,1I,2O-2P-1I,221
o208jsm,T01,2O,2P,1I,2O-2P-1I,270
o208jsm,T53,2O,1I,2P,2O-1I-2P,240
o208jsm,T17,2O,1I,1I,2O-1I-1I,155
o208jsm,T21,2O,1I,1I,2O-1I-1I,210
o208jsm,T50,2O,1I,2P,2O-1I-2P,298
o208jsm,T08,2O,2P,1I,2O-2P-1I,256
o208jsm,T48,2O,1I,2P,2O-1I-2P,252
o208jsm,T45,2O,2P,2P,2O-2P-2P,211
o211wtm,T20,2O,1I,1I,2O-1I-1I,214
o211wtm,T07,2O,2P,1I,2O-2P-1I,341
o211wtm,T11,2O,2P,1I,2O-2P-1I,490
o211wtm,T43,2O,2P,2P,2O-2P-2P,275
o211wtm,T17,2O,1I,1I,2O-1I-1I,224
o211wtm,T50,2O,1I,2P,2O-1I-2P,253
o211wtm,T26,2O,1I,1I,2O-1I-1I,229
o211wtm,T59,2O,1I,2P,2O-1I-2P,211
o211wtm,T12,2O,2P,1I,2O-2P-1I,302
o211wtm,T56,2O,1I,2P,2O-1I-2P,284
o211wtm,T38,2O,2P,2P,2O-2P-2P,318
o211wtm,T40,2O,2P,2P,2O-2P-2P,223
o211wtm,T51,2O,1I,2P,2O-1I-2P,431
o211wtm,T02,2O,2P,1I,2O-2P-1I,387
o211wtm,T06,2O,2P,1I,2O-2P-1I,169
o211wtm,T05,2O,2P,1I,2O-2P-1I,205
o211wtm,T04,2O,2P,1I,2O-2P-1I,228
o211wtm,T41,2O,2P,2P,2O-2P-2P,325
o211wtm,T16,2O,1I,1I,2O-1I-1I,231
o211wtm,T03,2O,2P,1I,2O-2P-1I,291
o211wtm,T30,2O,1I,1I,2O-1I-1I,257
o211wtm,T09,2O,2P,1I,2O-2P-1I,326
o211wtm,T34,2O,2P,2P,2O-2P-2P,379
o211wtm,T31,2O,2P,2P,2O-2P-2P,249
o211wtm,T25,2O,1I,1I,2O-1I-1I,215
o211wtm,T15,2O,2P,1I,2O-2P-1I,245
o211wtm,T58,2O,1I,2P,2O-1I-2P,302
o211wtm,T47,2O,1I,2P,2O-1I-2P,279
o211wtm,T57,2O,1I,2P,2O-1I-2P,236
o211wtm,T10,2O,2P,1I,2O-2P-1I,512
o211wtm,T53,2O,1I,2P,2O-1I-2P,183
o211wtm,T24,2O,1I,1I,2O-1I-1I,387
o211wtm,T45,2O,2P,2P,2O-2P-2P,296
o211wtm,T33,2O,2P,2P,2O-2P-2P,506
o211wtm,T19,2O,1I,1I,2O-1I-1I,224
o211wtm,T36,2O,2P,2P,2O-2P-2P,190
o211wtm,T13,2O,2P,1I,2O-2P-1I,178
o211wtm,T48,2O,1I,2P,2O-1I-2P,282
o211wtm,T49,2O,1I,2P,2O-1I-2P,225
o301lzf,T44,2O,2P,1I,2O-2P-1I,125
o301lzf,T32,2O,2P,1I,2O-2P-1I,392
o301lzf,T04,2O,1I,2P,2O-1I-2P,215
o301lzf,T23,2O,2P,2P,2O-2P-2P,280
o301lzf,T08,2O,1I,2P,2O-1I-2P,241
o301lzf,T21,2O,2P,2P,2O-2P-2P,139
o301lzf,T54,2O,1I,1I,2O-1I-1I,318
o301lzf,T14,2O,1I,2P,2O-1I-2P,337
o301lzf,T25,2O,2P,2P,2O-2P-2P,532
o301lzf,T39,2O,2P,1I,2O-2P-1I,279
o301lzf,T31,2O,2P,1I,2O-2P-1I,310
o301lzf,T59,2O,1I,1I,2O-1I-1I,268
o301lzf,T56,2O,1I,1I,2O-1I-1I,203
o301lzf,T49,2O,1I,1I,2O-1I-1I,286
o301lzf,T03,2O,1I,2P,2O-1I-2P,119
o301lzf,T35,2O,2P,1I,2O-2P-1I,259
o301lzf,T50,2O,1I,1I,2O-1I-1I,435
o301lzf,T24,2O,2P,2P,2O-2P-2P,200
o301lzf,T18,2O,2P,2P,2O-2P-2P,385
o301lzf,T47,2O,1I,1I,2O-1I-1I,260
o301lzf,T29,2O,2P,2P,2O-2P-2P,305
o301lzf,T40,2O,2P,1I,2O-2P-1I,253
o301lzf,T52,2O,1I,1I,2O-1I-1I,360
o301lzf,T01,2O,1I,2P,2O-1I-2P,319
o301lzf,T57,2O,1I,1I,2O-1I-1I,608
o301lzf,T48,2O,1I,1I,2O-1I-1I,419
o301lzf,T36,2O,2P,1I,2O-2P-1I,281
o301lzf,T13,2O,1I,2P,2O-1I-2P,242
o301lzf,T17,2O,2P,2P,2O-2P-2P,158
o301lzf,T02,2O,1I,2P,2O-1I-2P,291
o305lhl,T14,2O,1I,2P,2O-1I-2P,303
o305lhl,T07,2O,1I,2P,2O-1I-2P,374
o305lhl,T44,2O,2P,1I,2O-2P-1I,365
o305lhl,T49,2O,1I,1I,2O-1I-1I,146
o305lhl,T09,2O,1I,2P,2O-1I-2P,439
o305lhl,T38,2O,2P,1I,2O-2P-1I,329
o305lhl,T17,2O,2P,2P,2O-2P-2P,153
o305lhl,T57,2O,1I,1I,2O-1I-1I,267
o305lhl,T54,2O,1I,1I,2O-1I-1I,186
o305lhl,T28,2O,2P,2P,2O-2P-2P,174
o305lhl,T30,2O,2P,2P,2O-2P-2P,195
o305lhl,T05,2O,1I,2P,2O-1I-2P,190
o305lhl,T11,2O,1I,2P,2O-1I-2P,151
o305lhl,T34,2O,2P,1I,2O-2P-1I,193
o305lhl,T41,2O,2P,1I,2O-2P-1I,268
o305lhl,T24,2O,2P,2P,2O-2P-2P,118
o305lhl,T15,2O,1I,2P,2O-1I-2P,346
o305lhl,T12,2O,1I,2P,2O-1I-2P,277
o305lhl,T35,2O,2P,1I,2O-2P-1I,286
o305lhl,T43,2O,2P,1I,2O-2P-1I,253
o305lhl,T45,2O,2P,1I,2O-2P-1I,180
o305lhl,T42,2O,2P,1I,2O-2P-1I,309
o305lhl,T55,2O,1I,1I,2O-1I-1I,200
o305lhl,T40,2O,2P,1I,2O-2P-1I,275
o306wsf,T34,2O,2P,1I,2O-2P-1I,239
o306wsf,T29,2O,2P,2P,2O-2P-2P,441
o306wsf,T58,2O,1I,1I,2O-1I-1I,153
o306wsf,T39,2O,2P,1I,2O-2P-1I,279
o306wsf,T42,2O,2P,1I,2O-2P-1I,217
o306wsf,T57,2O,1I,1I,2O-1I-1I,282
o306wsf,T46,2O,1I,1I,2O-1I-1I,166
o306wsf,T49,2O,1I,1I,2O-1I-1I,258
o306wsf,T44,2O,2P,1I,2O-2P-1I,192
o306wsf,T15,2O,1I,2P,2O-1I-2P,267
o306wsf,T48,2O,1I,1I,2O-1I-1I,330
o306wsf,T40,2O,2P,1I,2O-2P-1I,404
o306wsf,T56,2O,1I,1I,2O-1I-1I,144
o306wsf,T25,2O,2P,2P,2O-2P-2P,205
o306wsf,T05,2O,1I,2P,2O-1I-2P,275
o306wsf,T23,2O,2P,2P,2O-2P-2P,281
o306wsf,T16,2O,2P,2P,2O-2P-2P,447
o306wsf,T38,2O,2P,1I,2O-2P-1I,222
o306wsf,T33,2O,2P,1I,2O-2P-1I,426
o306wsf,T17,2O,2P,2P,2O-2P-2P,320
o306wsf,T03,2O,1I,2P,2O-1I-2P,226
o306wsf,T28,2O,2P,2P,2O-2P-2P,216
o306wsf,T55,2O,1I,1I,2O-1I-1I,235
o306wsf,T01,2O,1I,2P,2O-1I-2P,290
o306wsf,T22,2O,2P,2P,2O-2P-2P,268
o306wsf,T54,2O,1I,1I,2O-1I-1I,171
o311dm,T60,2O,1I,1I,2O-1I-1I,386
o311dm,T35,2O,2P,1I,2O-2P-1I,199
o311dm,T19,2O,2P,2P,2O-2P-2P,176
o311dm,T52,2O,1I,1I,2O-1I-1I,317
o311dm,T40,2O,2P,1I,2O-2P-1I,134
o311dm,T34,2O,2P,1I,2O-2P-1I,156
o311dm,T53,2O,1I,1I,2O-1I-1I,258
o311dm,T41,2O,2P,1I,2O-2P-1I,387
o311dm,T08,2O,1I,2P,2O-1I-2P,347
o311dm,T10,2O,1I,2P,2O-1I-2P,332
o311dm,T23,2O,2P,2P,2O-2P-2P,821
o311dm,T44,2O,2P,1I,2O-2P-1I,159
o311dm,T47,2O,1I,1I,2O-1I-1I,259
o311dm,T56,2O,1I,1I,2O-1I-1I,189
o311dm,T01,2O,1I,2P,2O-1I-2P,223
o311dm,T05,2O,1I,2P,2O-1I-2P,309
o311dm,T21,2O,2P,2P,2O-2P-2P,247
o313yhy,T51,2O,1I,1I,2O-1I-1I,235
o313yhy,T31,2O,2P,1I,2O-2P-1I,100
o313yhy,T50,2O,1I,1I,2O-1I-1I,241
o313yhy,T29,2O,2P,2P,2O-2P-2P,185
o313yhy,T42,2O,2P,1I,2O-2P-1I,231
o313yhy,T52,2O,1I,1I,2O-1I-1I,220
o313yhy,T54,2O,1I,1I,2O-1I-1I,236
o313yhy,T13,2O,1I,2P,2O-1I-2P,195
o313yhy,T30,2O,2P,2P,2O-2P-2P,415
o313yhy,T41,2O,2P,1I,2O-2P-1I,278
o313yhy,T59,2O,1I,1I,2O-1I-1I,113
o313yhy,T38,2O,2P,1I,2O-2P-1I,184
o313yhy,T14,2O,1I,2P,2O-1I-2P,191
o313yhy,T20,2O,2P,2P,2O-2P-2P,101
o313yhy,T39,2O,2P,1I,2O-2P-1I,213
o313yhy,T08,2O,1I,2P,2O-1I-2P,547
o313yhy,T16,2O,2P,2P,2O-2P-2P,462
o313yhy,T24,2O,2P,2P,2O-2P-2P,281
o313yhy,T03,2O,1I,2P,2O-1I-2P,239
o313yhy,T07,2O,1I,2P,2O-1I-2P,316
o313yhy,T26,2O,2P,2P,2O-2P-2P,317
o401sgf,T30,2O,1I,2P,2O-1I-2P,550
o401sgf,T58,2O,2P,1I,2O-2P-1I,368
o401sgf,T03,2O,2P,2P,2O-2P-2P,354
o401sgf,T25,2O,1I,2P,2O-1I-2P,446
o401sgf,T12,2O,2P,2P,2O-2P-2P,196
o401sgf,T42,2O,1I,1I,2O-1I-1I,338
o401sgf,T23,2O,1I,2P,2O-1I-2P,134
o401sgf,T06,2O,2P,2P,2O-2P-2P,318
o401sgf,T40,2O,1I,1I,2O-1I-1I,343
o401sgf,T41,2O,1I,1I,2O-1I-1I,288
o401sgf,T34,2O,1I,1I,2O-1I-1I,315
o401sgf,T38,2O,1I,1I,2O-1I-1I,269
o401sgf,T52,2O,2P,1I,2O-2P-1I,400
o401sgf,T28,2O,1I,2P,2O-1I-2P,251
o401sgf,T19,2O,1I,2P,2O-1I-2P,277
o401sgf,T57,2O,2P,1I,2O-2P-1I,300
o401sgf,T46,2O,2P,1I,2O-2P-1I,215
o401sgf,T44,2O,1I,1I,2O-1I-1I,359
o401sgf,T22,2O,1I,2P,2O-1I-2P,249
o401sgf,T47,2O,2P,1I,2O-2P-1I,316
o401sgf,T05,2O,2P,2P,2O-2P-2P,237
o401sgf,T13,2O,2P,2P,2O-2P-2P,288
o401sgf,T60,2O,2P,1I,2O-2P-1I,191
o401sgf,T15,2O,2P,2P,2O-2P-2P,184
o401sgf,T08,2O,2P,2P,2O-2P-2P,220
o401sgf,T59,2O,2P,1I,2O-2P-1I,237
o401sgf,T09,2O,2P,2P,2O-2P-2P,284
o401sgf,T26,2O,1I,2P,2O-1I-2P,233
o401sgf,T04,2O,2P,2P,2O-2P-2P,318
o401sgf,T39,2O,1I,1I,2O-1I-1I,287
o401sgf,T50,2O,2P,1I,2O-2P-1I,246
o401sgf,T55,2O,2P,1I,2O-2P-1I,408
o405mzm,T18,2O,1I,2P,2O-1I-2P,684
o405mzm,T15,2O,2P,2P,2O-2P-2P,156
o405mzm,T37,2O,1I,1I,2O-1I-1I,268
o405mzm,T40,2O,1I,1I,2O-1I-1I,198
o405mzm,T23,2O,1I,2P,2O-1I-2P,220
o405mzm,T17,2O,1I,2P,2O-1I-2P,224
o405mzm,T59,2O,2P,1I,2O-2P-1I,229
o405mzm,T56,2O,2P,1I,2O-2P-1I,265
o405mzm,T19,2O,1I,2P,2O-1I-2P,345
o405mzm,T01,2O,2P,2P,2O-2P-2P,217
o405mzm,T35,2O,1I,1I,2O-1I-1I,207
o405mzm,T27,2O,1I,2P,2O-1I-2P,373
o405mzm,T55,2O,2P,1I,2O-2P-1I,229
o405mzm,T30,2O,1I,2P,2O-1I-2P,296
o405mzm,T26,2O,1I,2P,2O-1I-2P,232
o405mzm,T28,2O,1I,2P,2O-1I-2P,353
o405mzm,T49,2O,2P,1I,2O-2P-1I,326
o405mzm,T44,2O,1I,1I,2O-1I-1I,345
o405mzm,T06,2O,2P,2P,2O-2P-2P,101
o405mzm,T03,2O,2P,2P,2O-2P-2P,258
o405mzm,T58,2O,2P,1I,2O-2P-1I,267
o405mzm,T54,2O,2P,1I,2O-2P-1I,210
o405mzm,T60,2O,2P,1I,2O-2P-1I,548
o405mzm,T11,2O,2P,2P,2O-2P-2P,141
o405mzm,T24,2O,1I,2P,2O-1I-2P,187
o405mzm,T09,2O,2P,2P,2O-2P-2P,249
o406ymy,T51,2O,2P,1I,2O-2P-1I,249
o406ymy,T08,2O,2P,2P,2O-2P-2P,303
o406ymy,T59,2O,2P,1I,2O-2P-1I,261
o406ymy,T34,2O,1I,1I,2O-1I-1I,154
o406ymy,T02,2O,2P,2P,2O-2P-2P,312
o406ymy,T20,2O,1I,2P,2O-1I-2P,207
o406ymy,T42,2O,1I,1I,2O-1I-1I,189
o406ymy,T27,2O,1I,2P,2O-1I-2P,100
o406ymy,T18,2O,1I,2P,2O-1I-2P,161
o406ymy,T55,2O,2P,1I,2O-2P-1I,436
o411gsh,T21,2O,1I,2P,2O-1I-2P,376
o411gsh,T57,2O,2P,1I,2O-2P-1I,130
o411gsh,T31,2O,1I,1I,2O-1I-1I,158
o411gsh,T13,2O,2P,2P,2O-2P-2P,366
o411gsh,T22,2O,1I,2P,2O-1I-2P,177
o411gsh,T55,2O,2P,1I,2O-2P-1I,197
o411gsh,T16,2O,1I,2P,2O-1I-2P,307
o411gsh,T24,2O,1I,2P,2O-1I-2P,217
o411gsh,T17,2O,1I,2P,2O-1I-2P,206
o412zzy,T44,2O,1I,1I,2O-1I-1I,306
o412zzy,T05,2O,2P,2P,2O-2P-2P,471
o412zzy,T54,2O,2P,1I,2O-2P-1I,376
o412zzy,T56,2O,2P,1I,2O-2P-1I,366
o412zzy,T24,2O,1I,2P,2O-1I-2P,574
o412zzy,T48,2O,2P,1I,2O-2P-1I,306
o412zzy,T31,2O,1I,1I,2O-1I-1I,230
o412zzy,T50,2O,2P,1I,2O-2P-1I,250
o412zzy,T41,2O,1I,1I,2O-1I-1I,310
o412zzy,T52,2O,2P,1I,2O-2P-1I,362
o412zzy,T58,2O,2P,1I,2O-2P-1I,552
o412zzy,T15,2O,2P,2P,2O-2P-2P,189
o412zzy,T16,2O,1I,2P,2O-1I-2P,190
o412zzy,T46,2O,2P,1I,2O-2P-1I,346
o412zzy,T09,2O,2P,2P,2O-2P-2P,451
o412zzy,T43,2O,1I,1I,2O-1I-1I,253
o412zzy,T06,2O,2P,2P,2O-2P-2P,390
o412zzy,T28,2O,1I,2P,2O-1I-2P,349
o412zzy,T22,2O,1I,2P,2O-1I-2P,183
o412zzy,T37,2O,1I,1I,2O-1I-1I,190
o412zzy,T34,2O,1I,1I,2O-1I-1I,231
o412zzy,T30,2O,1I,2P,2O-1I-2P,334
o412zzy,T21,2O,1I,2P,2O-1I-2P,180
o412zzy,T19,2O,1I,2P,2O-1I-2P,326
o412zzy,T03,2O,2P,2P,2O-2P-2P,331
o412zzy,T60,2O,2P,1I,2O-2P-1I,407
o412zzy,T11,2O,2P,2P,2O-2P-2P,224
o412zzy,T49,2O,2P,1I,2O-2P-1I,425
o412zzy,T53,2O,2P,1I,2O-2P-1I,281
y101yxj,T37,1Y,1I,2P,1Y-1I-2P,269
y101yxj,T27,1Y,2P,1I,1Y-2P-1I,294
y101yxj,T01,1Y,1I,1I,1Y-1I-1I,296
y101yxj,T07,1Y,1I,1I,1Y-1I-1I,335
y101yxj,T39,1Y,1I,2P,1Y-1I-2P,228
y101yxj,T26,1Y,2P,1I,1Y-2P-1I,251
y101yxj,T47,1Y,2P,2P,1Y-2P-2P,462
y103djj,T10,1Y,1I,1I,1Y-1I-1I,315
y103djj,T55,1Y,2P,2P,1Y-2P-2P,187
y103djj,T26,1Y,2P,1I,1Y-2P-1I,101
y103djj,T53,1Y,2P,2P,1Y-2P-2P,414
y103djj,T58,1Y,2P,2P,1Y-2P-2P,325
y103djj,T31,1Y,1I,2P,1Y-1I-2P,196
y103djj,T03,1Y,1I,1I,1Y-1I-1I,182
y103djj,T33,1Y,1I,2P,1Y-1I-2P,190
y104byj,T08,1Y,1I,1I,1Y-1I-1I,245
y104byj,T53,1Y,2P,2P,1Y-2P-2P,171
y104byj,T26,1Y,2P,1I,1Y-2P-1I,252
y104byj,T38,1Y,1I,2P,1Y-1I-2P,246
y104byj,T40,1Y,1I,2P,1Y-1I-2P,295
y104byj,T10,1Y,1I,1I,1Y-1I-1I,273
y105za,T31,1Y,1I,2P,1Y-1I-2P,312
y105za,T20,1Y,2P,1I,1Y-2P-1I,323
y105za,T08,1Y,1I,1I,1Y-1I-1I,250
y105za,T56,1Y,2P,2P,1Y-2P-2P,454
y105za,T10,1Y,1I,1I,1Y-1I-1I,228
y105za,T48,1Y,2P,2P,1Y-2P-2P,242
y105za,T34,1Y,1I,2P,1Y-1I-2P,461
y105za,T35,1Y,1I,2P,1Y-1I-2P,371
y105za,T09,1Y,1I,1I,1Y-1I-1I,278
y105za,T50,1Y,2P,2P,1Y-2P-2P,366
y105za,T17,1Y,2P,1I,1Y-2P-1I,332
y105za,T15,1Y,1I,1I,1Y-1I-1I,241
y105za,T38,1Y,1I,2P,1Y-1I-2P,180
y105za,T45,1Y,1I,2P,1Y-1I-2P,227
y105za,T21,1Y,2P,1I,1Y-2P-1I,273
y105za,T01,1Y,1I,1I,1Y-1I-1I,353
y105za,T52,1Y,2P,2P,1Y-2P-2P,380
y105za,T58,1Y,2P,2P,1Y-2P-2P,363
y105za,T39,1Y,1I,2P,1Y-1I-2P,409
y105za,T32,1Y,1I,2P,1Y-1I-2P,238
y105za,T04,1Y,1I,1I,1Y-1I-1I,137
y105za,T07,1Y,1I,1I,1Y-1I-1I,332
y105za,T05,1Y,1I,1I,1Y-1I-1I,168
y105za,T16,1Y,2P,1I,1Y-2P-1I,244
y105za,T46,1Y,2P,2P,1Y-2P-2P,341
y105za,T33,1Y,1I,2P,1Y-1I-2P,396
y106fs,T32,1Y,1I,2P,1Y-1I-2P,320
y106fs,T15,1Y,1I,1I,1Y-1I-1I,187
y106fs,T07,1Y,1I,1I,1Y-1I-1I,246
y106fs,T23,1Y,2P,1I,1Y-2P-1I,229
y106fs,T03,1Y,1I,1I,1Y-1I-1I,183
y106fs,T06,1Y,1I,1I,1Y-1I-1I,276
y106fs,T60,1Y,2P,2P,1Y-2P-2P,310
y106fs,T26,1Y,2P,1I,1Y-2P-1I,155
y106fs,T31,1Y,1I,2P,1Y-1I-2P,418
y106fs,T04,1Y,1I,1I,1Y-1I-1I,251
y106fs,T08,1Y,1I,1I,1Y-1I-1I,293
y107xqq,T08,1Y,1I,1I,1Y-1I-1I,391
y107xqq,T44,1Y,1I,2P,1Y-1I-2P,119
y107xqq,T59,1Y,2P,2P,1Y-2P-2P,273
y107xqq,T50,1Y,2P,2P,1Y-2P-2P,357
y107xqq,T55,1Y,2P,2P,1Y-2P-2P,206
y107xqq,T49,1Y,2P,2P,1Y-2P-2P,195
y107xqq,T07,1Y,1I,1I,1Y-1I-1I,182
y107xqq,T30,1Y,2P,1I,1Y-2P-1I,357
y107xqq,T26,1Y,2P,1I,1Y-2P-1I,242
y107xqq,T09,1Y,1I,1I,1Y-1I-1I,261
y107xqq,T16,1Y,2P,1I,1Y-2P-1I,175
y109gxq,T20,1Y,2P,1I,1Y-2P-1I,346
y109gxq,T28,1Y,2P,1I,1Y-2P-1I,287
y109gxq,T33,1Y,1I,2P,1Y-1I-2P,97
y109gxq,T14,1Y,1I,1I,1Y-1I-1I,291
y109gxq,T01,1Y,1I,1I,1Y-1I-1I,174
y109gxq,T22,1Y,2P,1I,1Y-2P-1I,162
y109gxq,T24,1Y,2P,1I,1Y-2P-1I,111
y110dxx,T14,1Y,1I,1I,1Y-1I-1I,392
y110dxx,T51,1Y,2P,2P,1Y-2P-2P,467
y110dxx,T23,1Y,2P,1I,1Y-2P-1I,342
y110dxx,T36,1Y,1I,2P,1Y-1I-2P,177
y110dxx,T26,1Y,2P,1I,1Y-2P-1I,582
y110dxx,T19,1Y,2P,1I,1Y-2P-1I,213
y110dxx,T01,1Y,1I,1I,1Y-1I-1I,271
y110dxx,T53,1Y,2P,2P,1Y-2P-2P,253
y110dxx,T15,1Y,1I,1I,1Y-1I-1I,147
y110dxx,T54,1Y,2P,2P,1Y-2P-2P,570
y110dxx,T48,1Y,2P,2P,1Y-2P-2P,182
y110dxx,T16,1Y,2P,1I,1Y-2P-1I,304
y111mzx,T10,1Y,1I,1I,1Y-1I-1I,198
y111mzx,T59,1Y,2P,2P,1Y-2P-2P,313
y111mzx,T08,1Y,1I,1I,1Y-1I-1I,207
y111mzx,T03,1Y,1I,1I,1Y-1I-1I,370
y111mzx,T20,1Y,2P,1I,1Y-2P-1I,139
y111mzx,T05,1Y,1I,1I,1Y-1I-1I,464
y111mzx,T18,1Y,2P,1I,1Y-2P-1I,390
y111mzx,T50,1Y,2P,2P,1Y-2P-2P,254
y111mzx,T55,1Y,2P,2P,1Y-2P-2P,434
y111mzx,T38,1Y,1I,2P,1Y-1I-2P,372
y111mzx,T15,1Y,1I,1I,1Y-1I-1I,435
y111mzx,T14,1Y,1I,1I,1Y-1I-1I,143
y111mzx,T47,1Y,2P,2P,1Y-2P-2P,259
y201by,T13,1Y,2P,1I,1Y-2P-1I,345
y201by,T08,1Y,2P,1I,1Y-2P-1I,464
y201by,T20,1Y,1I,1I,1Y-1I-1I,176
y201by,T54,1Y,1I,2P,1Y-1I-2P,246
y201by,T41,1Y,2P,2P,1Y-2P-2P,311
y201by,T50,1Y,1I,2P,1Y-1I-2P,171
y201by,T32,1Y,2P,2P,1Y-2P-2P,197
y201by,T29,1Y,1I,1I,1Y-1I-1I,245
y201by,T04,1Y,2P,1I,1Y-2P-1I,417
y201by,T45,1Y,2P,2P,1Y-2P-2P,314
y201by,T31,1Y,2P,2P,1Y-2P-2P,249
y201by,T59,1Y,1I,2P,1Y-1I-2P,262
y201by,T44,1Y,2P,2P,1Y-2P-2P,529
y201by,T19,1Y,1I,1I,1Y-1I-1I,252
y201by,T49,1Y,1I,2P,1Y-1I-2P,445
y201by,T34,1Y,2P,2P,1Y-2P-2P,312
y201by,T21,1Y,1I,1I,1Y-1I-1I,308
y201by,T28,1Y,1I,1I,1Y-1I-1I,271
y201by,T14,1Y,2P,1I,1Y-2P-1I,555
y201by,T53,1Y,1I,2P,1Y-1I-2P,987
y201by,T39,1Y,2P,2P,1Y-2P-2P,200
y201by,T03,1Y,2P,1I,1Y-2P-1I,314
y201by,T33,1Y,2P,2P,1Y-2P-2P,378
y201by,T35,1Y,2P,2P,1Y-2P-2P,313
y202yy,T11,1Y,2P,1I,1Y-2P-1I,424
y202yy,T17,1Y,1I,1I,1Y-1I-1I,172
y202yy,T54,1Y,1I,2P,1Y-1I-2P,298
y202yy,T38,1Y,2P,2P,1Y-2P-2P,193
y202yy,T25,1Y,1I,1I,1Y-1I-1I,304
y202yy,T29,1Y,1I,1I,1Y-1I-1I,256
y202yy,T56,1Y,1I,2P,1Y-1I-2P,241
y202yy,T18,1Y,1I,1I,1Y-1I-1I,294
y202yy,T22,1Y,1I,1I,1Y-1I-1I,251
y202yy,T13,1Y,2P,1I,1Y-2P-1I,484
y202yy,T44,1Y,2P,2P,1Y-2P-2P,219
y202yy,T35,1Y,2P,2P,1Y-2P-2P,227
y202yy,T14,1Y,2P,1I,1Y-2P-1I,339
y202yy,T41,1Y,2P,2P,1Y-2P-2P,397
y202yy,T16,1Y,1I,1I,1Y-1I-1I,104
y202yy,T01,1Y,2P,1I,1Y-2P-1I,249
y202yy,T48,1Y,1I,2P,1Y-1I-2P,221
y202yy,T34,1Y,2P,2P,1Y-2P-2P,434
y202yy,T19,1Y,1I,1I,1Y-1I-1I,303
y202yy,T09,1Y,2P,1I,1Y-2P-1I,111
y202yy,T59,1Y,1I,2P,1Y-1I-2P,192
y202yy,T26,1Y,1I,1I,1Y-1I-1I,254
y202yy,T51,1Y,1I,2P,1Y-1I-2P,196
y202yy,T07,1Y,2P,1I,1Y-2P-1I,292
y202yy,T30,1Y,1I,1I,1Y-1I-1I,247
y202yy,T58,1Y,1I,2P,1Y-1I-2P,548
y202yy,T40,1Y,2P,2P,1Y-2P-2P,309
y202yy,T27,1Y,1I,1I,1Y-1I-1I,221
y202yy,T55,1Y,1I,2P,1Y-1I-2P,235
y202yy,T46,1Y,1I,2P,1Y-1I-2P,184
y202yy,T12,1Y,2P,1I,1Y-2P-1I,345
y203wyx,T51,1Y,1I,2P,1Y-1I-2P,204
y203wyx,T25,1Y,1I,1I,1Y-1I-1I,206
y203wyx,T40,1Y,2P,2P,1Y-2P-2P,216
y203wyx,T08,1Y,2P,1I,1Y-2P-1I,367
y203wyx,T18,1Y,1I,1I,1Y-1I-1I,307
y203wyx,T06,1Y,2P,1I,1Y-2P-1I,293
y203wyx,T16,1Y,1I,1I,1Y-1I-1I,202
y203wyx,T34,1Y,2P,2P,1Y-2P-2P,387
y203wyx,T50,1Y,1I,2P,1Y-1I-2P,238
y203wyx,T44,1Y,2P,2P,1Y-2P-2P,162
y203wyx,T14,1Y,2P,1I,1Y-2P-1I,535
y203wyx,T15,1Y,2P,1I,1Y-2P-1I,456
y203wyx,T47,1Y,1I,2P,1Y-1I-2P,387
y203wyx,T31,1Y,2P,2P,1Y-2P-2P,348
y203wyx,T59,1Y,1I,2P,1Y-1I-2P,372
y203wyx,T29,1Y,1I,1I,1Y-1I-1I,249
y203wyx,T01,1Y,2P,1I,1Y-2P-1I,327
y203wyx,T55,1Y,1I,2P,1Y-1I-2P,113
y203wyx,T60,1Y,1I,2P,1Y-1I-2P,263
y203wyx,T32,1Y,2P,2P,1Y-2P-2P,444
y203wyx,T42,1Y,2P,2P,1Y-2P-2P,315
y203wyx,T13,1Y,2P,1I,1Y-2P-1I,161
y203wyx,T09,1Y,2P,1I,1Y-2P-1I,269
y203wyx,T26,1Y,1I,1I,1Y-1I-1I,314
y203wyx,T22,1Y,1I,1I,1Y-1I-1I,155
y203wyx,T12,1Y,2P,1I,1Y-2P-1I,344
y203wyx,T20,1Y,1I,1I,1Y-1I-1I,184
y204lll,T05,1Y,2P,1I,1Y-2P-1I,223
y204lll,T35,1Y,2P,2P,1Y-2P-2P,275
y204lll,T44,1Y,2P,2P,1Y-2P-2P,333
y204lll,T03,1Y,2P,1I,1Y-2P-1I,316
y204lll,T41,1Y,2P,2P,1Y-2P-2P,292
y204lll,T37,1Y,2P,2P,1Y-2P-2P,228
y204lll,T06,1Y,2P,1I,1Y-2P-1I,318
y204lll,T58,1Y,1I,2P,1Y-1I-2P,397
y204lll,T56,1Y,1I,2P,1Y-1I-2P,230
y204lll,T10,1Y,2P,1I,1Y-2P-1I,316
y204lll,T19,1Y,1I,1I,1Y-1I-1I,186
y204lll,T11,1Y,2P,1I,1Y-2P-1I,255
y204lll,T31,1Y,2P,2P,1Y-2P-2P,226
y204lll,T01,1Y,2P,1I,1Y-2P-1I,383
y204lll,T59,1Y,1I,2P,1Y-1I-2P,434
y204lll,T22,1Y,1I,1I,1Y-1I-1I,320
y204lll,T18,1Y,1I,1I,1Y-1I-1I,209
y204lll,T40,1Y,2P,2P,1Y-2P-2P,144
y204lll,T14,1Y,2P,1I,1Y-2P-1I,200
y204lll,T43,1Y,2P,2P,1Y-2P-2P,191
y204lll,T49,1Y,1I,2P,1Y-1I-2P,271
y204lll,T04,1Y,2P,1I,1Y-2P-1I,612
y204lll,T34,1Y,2P,2P,1Y-2P-2P,320
y204lll,T25,1Y,1I,1I,1Y-1I-1I,343
y206wg,T26,1Y,1I,1I,1Y-1I-1I,234
y206wg,T25,1Y,1I,1I,1Y-1I-1I,662
y206wg,T45,1Y,2P,2P,1Y-2P-2P,132
y206wg,T37,1Y,2P,2P,1Y-2P-2P,238
y206wg,T38,1Y,2P,2P,1Y-2P-2P,204
y206wg,T52,1Y,1I,2P,1Y-1I-2P,227
y206wg,T50,1Y,1I,2P,1Y-1I-2P,249
y206wg,T15,1Y,2P,1I,1Y-2P-1I,324
y206wg,T33,1Y,2P,2P,1Y-2P-2P,176
y206wg,T17,1Y,1I,1I,1Y-1I-1I,230
y206wg,T22,1Y,1I,1I,1Y-1I-1I,109
y206wg,T12,1Y,2P,1I,1Y-2P-1I,387
y206wg,T23,1Y,1I,1I,1Y-1I-1I,285
y206wg,T44,1Y,2P,2P,1Y-2P-2P,285
y206wg,T51,1Y,1I,2P,1Y-1I-2P,218
y206wg,T56,1Y,1I,2P,1Y-1I-2P,284
y206wg,T29,1Y,1I,1I,1Y-1I-1I,282
y206wg,T46,1Y,1I,2P,1Y-1I-2P,259
y206wg,T03,1Y,2P,1I,1Y-2P-1I,277
y206wg,T11,1Y,2P,1I,1Y-2P-1I,244
y206wg,T40,1Y,2P,2P,1Y-2P-2P,482
y207cym,T21,1Y,1I,1I,1Y-1I-1I,331
y207cym,T53,1Y,1I,2P,1Y-1I-2P,190
y207cym,T43,1Y,2P,2P,1Y-2P-2P,163
y207cym,T18,1Y,1I,1I,1Y-1I-1I,289
y207cym,T09,1Y,2P,1I,1Y-2P-1I,206
y207cym,T05,1Y,2P,1I,1Y-2P-1I,250
y207cym,T49,1Y,1I,2P,1Y-1I-2P,276
y207cym,T29,1Y,1I,1I,1Y-1I-1I,162
y207cym,T56,1Y,1I,2P,1Y-1I-2P,241
y207cym,T03,1Y,2P,1I,1Y-2P-1I,336
y207cym,T31,1Y,2P,2P,1Y-2P-2P,257
y207cym,T40,1Y,2P,2P,1Y-2P-2P,196
y207cym,T14,1Y,2P,1I,1Y-2P-1I,216
y207cym,T60,1Y,1I,2P,1Y-1I-2P,313
y207cym,T34,1Y,2P,2P,1Y-2P-2P,176
y207cym,T13,1Y,2P,1I,1Y-2P-1I,248
y207cym,T38,1Y,2P,2P,1Y-2P-2P,163
y207cym,T33,1Y,2P,2P,1Y-2P-2P,247
y207cym,T30,1Y,1I,1I,1Y-1I-1I,280
y207cym,T01,1Y,2P,1I,1Y-2P-1I,313
y207cym,T16,1Y,1I,1I,1Y-1I-1I,200
y207cym,T26,1Y,1I,1I,1Y-1I-1I,210
y208klc,T44,1Y,2P,2P,1Y-2P-2P,381
y208klc,T53,1Y,1I,2P,1Y-1I-2P,178
y208klc,T47,1Y,1I,2P,1Y-1I-2P,315
y208klc,T42,1Y,2P,2P,1Y-2P-2P,499
y208klc,T34,1Y,2P,2P,1Y-2P-2P,633
y208klc,T59,1Y,1I,2P,1Y-1I-2P,398
y208klc,T33,1Y,2P,2P,1Y-2P-2P,467
y208klc,T05,1Y,2P,1I,1Y-2P-1I,449
y208klc,T58,1Y,1I,2P,1Y-1I-2P,591
y208klc,T48,1Y,1I,2P,1Y-1I-2P,415
y208klc,T08,1Y,2P,1I,1Y-2P-1I,493
y208klc,T21,1Y,1I,1I,1Y-1I-1I,260
y208klc,T24,1Y,1I,1I,1Y-1I-1I,371
y208klc,T57,1Y,1I,2P,1Y-1I-2P,265
y208klc,T28,1Y,1I,1I,1Y-1I-1I,366
y208klc,T30,1Y,1I,1I,1Y-1I-1I,321
y208klc,T10,1Y,2P,1I,1Y-2P-1I,439
y208klc,T15,1Y,2P,1I,1Y-2P-1I,398
y208klc,T14,1Y,2P,1I,1Y-2P-1I,137
y208klc,T26,1Y,1I,1I,1Y-1I-1I,226
y208klc,T01,1Y,2P,1I,1Y-2P-1I,192
y208klc,T56,1Y,1I,2P,1Y-1I-2P,407
y209zm,T25,1Y,1I,1I,1Y-1I-1I,217
y209zm,T21,1Y,1I,1I,1Y-1I-1I,123
y209zm,T35,1Y,2P,2P,1Y-2P-2P,238
y209zm,T47,1Y,1I,2P,1Y-1I-2P,166
y209zm,T17,1Y,1I,1I,1Y-1I-1I,178
y209zm,T58,1Y,1I,2P,1Y-1I-2P,128
y209zm,T57,1Y,1I,2P,1Y-1I-2P,141
y209zm,T05,1Y,2P,1I,1Y-2P-1I,294
y209zm,T30,1Y,1I,1I,1Y-1I-1I,90
y209zm,T43,1Y,2P,2P,1Y-2P-2P,226
y209zm,T12,1Y,2P,1I,1Y-2P-1I,139
y209zm,T55,1Y,1I,2P,1Y-1I-2P,207
y209zm,T27,1Y,1I,1I,1Y-1I-1I,170
y209zm,T54,1Y,1I,2P,1Y-1I-2P,151
y209zm,T07,1Y,2P,1I,1Y-2P-1I,436
y209zm,T13,1Y,2P,1I,1Y-2P-1I,192
y210hxh,T16,1Y,1I,1I,1Y-1I-1I,291
y210hxh,T60,1Y,1I,2P,1Y-1I-2P,216
y210hxh,T32,1Y,2P,2P,1Y-2P-2P,522
y210hxh,T29,1Y,1I,1I,1Y-1I-1I,223
y210hxh,T36,1Y,2P,2P,1Y-2P-2P,244
y210hxh,T19,1Y,1I,1I,1Y-1I-1I,145
y210hxh,T38,1Y,2P,2P,1Y-2P-2P,147
y210hxh,T46,1Y,1I,2P,1Y-1I-2P,209
y210hxh,T40,1Y,2P,2P,1Y-2P-2P,325
y210hxh,T13,1Y,2P,1I,1Y-2P-1I,281
y210hxh,T05,1Y,2P,1I,1Y-2P-1I,252
y210hxh,T22,1Y,1I,1I,1Y-1I-1I,154
y210hxh,T33,1Y,2P,2P,1Y-2P-2P,308
y210hxh,T37,1Y,2P,2P,1Y-2P-2P,185
y211zby,T48,1Y,1I,2P,1Y-1I-2P,244
y211zby,T44,1Y,2P,2P,1Y-2P-2P,344
y211zby,T09,1Y,2P,1I,1Y-2P-1I,190
y211zby,T58,1Y,1I,2P,1Y-1I-2P,283
y211zby,T25,1Y,1I,1I,1Y-1I-1I,228
y211zby,T51,1Y,1I,2P,1Y-1I-2P,203
y211zby,T20,1Y,1I,1I,1Y-1I-1I,368
y211zby,T08,1Y,2P,1I,1Y-2P-1I,172
y211zby,T11,1Y,2P,1I,1Y-2P-1I,362
y211zby,T41,1Y,2P,2P,1Y-2P-2P,407
y211zby,T39,1Y,2P,2P,1Y-2P-2P,230
y211zby,T14,1Y,2P,1I,1Y-2P-1I,392
y211zby,T38,1Y,2P,2P,1Y-2P-2P,311
y211zby,T10,1Y,2P,1I,1Y-2P-1I,239
y211zby,T04,1Y,2P,1I,1Y-2P-1I,220
y211zby,T55,1Y,1I,2P,1Y-1I-2P,275
y211zby,T49,1Y,1I,2P,1Y-1I-2P,220
y211zby,T18,1Y,1I,1I,1Y-1I-1I,343
y211zby,T54,1Y,1I,2P,1Y-1I-2P,180
y211zby,T60,1Y,1I,2P,1Y-1I-2P,341
y212dh,T42,1Y,2P,2P,1Y-2P-2P,293
y212dh,T17,1Y,1I,1I,1Y-1I-1I,192
y212dh,T55,1Y,1I,2P,1Y-1I-2P,421
y212dh,T37,1Y,2P,2P,1Y-2P-2P,171
y212dh,T38,1Y,2P,2P,1Y-2P-2P,445
y212dh,T56,1Y,1I,2P,1Y-1I-2P,204
y212dh,T58,1Y,1I,2P,1Y-1I-2P,314
y212dh,T22,1Y,1I,1I,1Y-1I-1I,167
y212dh,T53,1Y,1I,2P,1Y-1I-2P,195
y212dh,T45,1Y,2P,2P,1Y-2P-2P,450
y212dh,T31,1Y,2P,2P,1Y-2P-2P,471
y212dh,T05,1Y,2P,1I,1Y-2P-1I,413
y212dh,T10,1Y,2P,1I,1Y-2P-1I,308
y301nll,T13,1Y,1I,2P,1Y-1I-2P,216
y301nll,T20,1Y,2P,2P,1Y-2P-2P,606
y301nll,T49,1Y,1I,1I,1Y-1I-1I,350
y301nll,T07,1Y,1I,2P,1Y-1I-2P,303
y301nll,T53,1Y,1I,1I,1Y-1I-1I,227
y301nll,T10,1Y,1I,2P,1Y-1I-2P,247
y301nll,T31,1Y,2P,1I,1Y-2P-1I,307
y301nll,T37,1Y,2P,1I,1Y-2P-1I,445
y301nll,T26,1Y,2P,2P,1Y-2P-2P,467
y301nll,T24,1Y,2P,2P,1Y-2P-2P,328
y301nll,T27,1Y,2P,2P,1Y-2P-2P,471
y301nll,T28,1Y,2P,2P,1Y-2P-2P,300
y301nll,T58,1Y,1I,1I,1Y-1I-1I,514
y301nll,T40,1Y,2P,1I,1Y-2P-1I,345
y301nll,T34,1Y,2P,1I,1Y-2P-1I,436
y301nll,T21,1Y,2P,2P,1Y-2P-2P,484
y301nll,T52,1Y,1I,1I,1Y-1I-1I,294
y301nll,T16,1Y,2P,2P,1Y-2P-2P,261
y301nll,T57,1Y,1I,1I,1Y-1I-1I,218
y301nll,T17,1Y,2P,2P,1Y-2P-2P,375
y301nll,T42,1Y,2P,1I,1Y-2P-1I,168
y301nll,T01,1Y,1I,2P,1Y-1I-2P,378
y301nll,T18,1Y,2P,2P,1Y-2P-2P,349
y301nll,T41,1Y,2P,1I,1Y-2P-1I,324
y301nll,T14,1Y,1I,2P,1Y-1I-2P,85
y301nll,T22,1Y,2P,2P,1Y-2P-2P,231
y301nll,T30,1Y,2P,2P,1Y-2P-2P,338
y301nll,T15,1Y,1I,2P,1Y-1I-2P,238
y301nll,T23,1Y,2P,2P,1Y-2P-2P,391
y301nll,T35,1Y,2P,1I,1Y-2P-1I,419
y301nll,T51,1Y,1I,1I,1Y-1I-1I,157
y301nll,T32,1Y,2P,1I,1Y-2P-1I,178
y301nll,T36,1Y,2P,1I,1Y-2P-1I,147
y301nll,T29,1Y,2P,2P,1Y-2P-2P,403
y301nll,T08,1Y,1I,2P,1Y-1I-2P,437
y301nll,T50,1Y,1I,1I,1Y-1I-1I,233
y301nll,T54,1Y,1I,1I,1Y-1I-1I,175
y302wyl,T27,1Y,2P,2P,1Y-2P-2P,427
y302wyl,T29,1Y,2P,2P,1Y-2P-2P,300
y302wyl,T08,1Y,1I,2P,1Y-1I-2P,265
y302wyl,T41,1Y,2P,1I,1Y-2P-1I,194
y302wyl,T31,1Y,2P,1I,1Y-2P-1I,191
y302wyl,T24,1Y,2P,2P,1Y-2P-2P,148
y302wyl,T47,1Y,1I,1I,1Y-1I-1I,141
y302wyl,T51,1Y,1I,1I,1Y-1I-1I,297
y302wyl,T09,1Y,1I,2P,1Y-1I-2P,288
y302wyl,T20,1Y,2P,2P,1Y-2P-2P,422
y302wyl,T36,1Y,2P,1I,1Y-2P-1I,343
y302wyl,T15,1Y,1I,2P,1Y-1I-2P,297
y302wyl,T19,1Y,2P,2P,1Y-2P-2P,212
y302wyl,T34,1Y,2P,1I,1Y-2P-1I,159
y302wyl,T01,1Y,1I,2P,1Y-1I-2P,434
y302wyl,T39,1Y,2P,1I,1Y-2P-1I,249
y302wyl,T13,1Y,1I,2P,1Y-1I-2P,114
y302wyl,T30,1Y,2P,2P,1Y-2P-2P,323
y302wyl,T43,1Y,2P,1I,1Y-2P-1I,374
y302wyl,T32,1Y,2P,1I,1Y-2P-1I,209
y302wyl,T45,1Y,2P,1I,1Y-2P-1I,93
y302wyl,T18,1Y,2P,2P,1Y-2P-2P,178
y302wyl,T16,1Y,2P,2P,1Y-2P-2P,170
y302wyl,T54,1Y,1I,1I,1Y-1I-1I,233
y302wyl,T33,1Y,2P,1I,1Y-2P-1I,181
y302wyl,T21,1Y,2P,2P,1Y-2P-2P,261
y302wyl,T11,1Y,1I,2P,1Y-1I-2P,180
y303cx,T58,1Y,1I,1I,1Y-1I-1I,343
y303cx,T56,1Y,1I,1I,1Y-1I-1I,197
y303cx,T30,1Y,2P,2P,1Y-2P-2P,194
y303cx,T23,1Y,2P,2P,1Y-2P-2P,228
y303cx,T19,1Y,2P,2P,1Y-2P-2P,197
y303cx,T18,1Y,2P,2P,1Y-2P-2P,202
y303cx,T32,1Y,2P,1I,1Y-2P-1I,266
y303cx,T35,1Y,2P,1I,1Y-2P-1I,209
y303cx,T54,1Y,1I,1I,1Y-1I-1I,244
y303cx,T13,1Y,1I,2P,1Y-1I-2P,354
y303cx,T04,1Y,1I,2P,1Y-1I-2P,198
y303cx,T59,1Y,1I,1I,1Y-1I-1I,197
y303cx,T12,1Y,1I,2P,1Y-1I-2P,219
y303cx,T25,1Y,2P,2P,1Y-2P-2P,263
y303cx,T21,1Y,2P,2P,1Y-2P-2P,250
y303cx,T37,1Y,2P,1I,1Y-2P-1I,246
y303cx,T16,1Y,2P,2P,1Y-2P-2P,225
y303cx,T31,1Y,2P,1I,1Y-2P-1I,181
y303cx,T22,1Y,2P,2P,1Y-2P-2P,204
y303cx,T40,1Y,2P,1I,1Y-2P-1I,285
y303cx,T14,1Y,1I,2P,1Y-1I-2P,364
y304wgl,T47,1Y,1I,1I,1Y-1I-1I,199
y304wgl,T20,1Y,2P,2P,1Y-2P-2P,346
y304wgl,T57,1Y,1I,1I,1Y-1I-1I,180
y304wgl,T18,1Y,2P,2P,1Y-2P-2P,239
y304wgl,T31,1Y,2P,1I,1Y-2P-1I,194
y304wgl,T08,1Y,1I,2P,1Y-1I-2P,355
y304wgl,T04,1Y,1I,2P,1Y-1I-2P,175
y304wgl,T45,1Y,2P,1I,1Y-2P-1I,212
y304wgl,T53,1Y,1I,1I,1Y-1I-1I,332
y304wgl,T52,1Y,1I,1I,1Y-1I-1I,195
y305axy,T04,1Y,1I,2P,1Y-1I-2P,260
y305axy,T26,1Y,2P,2P,1Y-2P-2P,337
y305axy,T53,1Y,1I,1I,1Y-1I-1I,277
y305axy,T11,1Y,1I,2P,1Y-1I-2P,385
y305axy,T20,1Y,2P,2P,1Y-2P-2P,235
y305axy,T19,1Y,2P,2P,1Y-2P-2P,335
y305axy,T25,1Y,2P,2P,1Y-2P-2P,267
y305axy,T52,1Y,1I,1I,1Y-1I-1I,305
y305axy,T28,1Y,2P,2P,1Y-2P-2P,558
y305axy,T21,1Y,2P,2P,1Y-2P-2P,711
y305axy,T30,1Y,2P,2P,1Y-2P-2P,251
y305axy,T01,1Y,1I,2P,1Y-1I-2P,318
y305axy,T45,1Y,2P,1I,1Y-2P-1I,363
y305axy,T24,1Y,2P,2P,1Y-2P-2P,756
y305axy,T06,1Y,1I,2P,1Y-1I-2P,202
y305axy,T03,1Y,1I,2P,1Y-1I-2P,248
y305axy,T31,1Y,2P,1I,1Y-2P-1I,336
y305axy,T34,1Y,2P,1I,1Y-2P-1I,230
y305axy,T48,1Y,1I,1I,1Y-1I-1I,288
y305axy,T50,1Y,1I,1I,1Y-1I-1I,663
y305axy,T08,1Y,1I,2P,1Y-1I-2P,225
y305axy,T09,1Y,1I,2P,1Y-1I-2P,312
y305axy,T07,1Y,1I,2P,1Y-1I-2P,329
y305axy,T59,1Y,1I,1I,1Y-1I-1I,216
y305axy,T43,1Y,2P,1I,1Y-2P-1I,324
y305axy,T17,1Y,2P,2P,1Y-2P-2P,374
y305axy,T49,1Y,1I,1I,1Y-1I-1I,141
y305axy,T37,1Y,2P,1I,1Y-2P-1I,299
y305axy,T27,1Y,2P,2P,1Y-2P-2P,286
y305axy,T39,1Y,2P,1I,1Y-2P-1I,391
y305axy,T56,1Y,1I,1I,1Y-1I-1I,268
y305axy,T16,1Y,2P,2P,1Y-2P-2P,414
y305axy,T33,1Y,2P,1I,1Y-2P-1I,279
y306hjt,T55,1Y,1I,1I,1Y-1I-1I,421
y306hjt,T33,1Y,2P,1I,1Y-2P-1I,233
y306hjt,T17,1Y,2P,2P,1Y-2P-2P,441
y306hjt,T34,1Y,2P,1I,1Y-2P-1I,468
y306hjt,T47,1Y,1I,1I,1Y-1I-1I,293
y306hjt,T05,1Y,1I,2P,1Y-1I-2P,199
y306hjt,T46,1Y,1I,1I,1Y-1I-1I,155
y306hjt,T26,1Y,2P,2P,1Y-2P-2P,442
y306hjt,T54,1Y,1I,1I,1Y-1I-1I,198
y306hjt,T10,1Y,1I,2P,1Y-1I-2P,293
y306hjt,T37,1Y,2P,1I,1Y-2P-1I,213
y306hjt,T41,1Y,2P,1I,1Y-2P-1I,193
y306hjt,T57,1Y,1I,1I,1Y-1I-1I,416
y306hjt,T13,1Y,1I,2P,1Y-1I-2P,177
y306hjt,T45,1Y,2P,1I,1Y-2P-1I,472
y306hjt,T40,1Y,2P,1I,1Y-2P-1I,180
y306hjt,T27,1Y,2P,2P,1Y-2P-2P,660
y306hjt,T35,1Y,2P,1I,1Y-2P-1I,372
y306hjt,T58,1Y,1I,1I,1Y-1I-1I,296
y306hjt,T21,1Y,2P,2P,1Y-2P-2P,281
y306hjt,T59,1Y,1I,1I,1Y-1I-1I,214
y306hjt,T14,1Y,1I,2P,1Y-1I-2P,264
y306hjt,T51,1Y,1I,1I,1Y-1I-1I,351
y306hjt,T38,1Y,2P,1I,1Y-2P-1I,176
y307kxx,T36,1Y,2P,1I,1Y-2P-1I,152
y307kxx,T08,1Y,1I,2P,1Y-1I-2P,140
y307kxx,T26,1Y,2P,2P,1Y-2P-2P,292
y307kxx,T55,1Y,1I,1I,1Y-1I-1I,181
y307kxx,T06,1Y,1I,2P,1Y-1I-2P,242
y307kxx,T31,1Y,2P,1I,1Y-2P-1I,307
y307kxx,T10,1Y,1I,2P,1Y-1I-2P,262
y307kxx,T03,1Y,1I,2P,1Y-1I-2P,99
y307kxx,T04,1Y,1I,2P,1Y-1I-2P,201
y307kxx,T21,1Y,2P,2P,1Y-2P-2P,356
y307kxx,T33,1Y,2P,1I,1Y-2P-1I,274
y307kxx,T37,1Y,2P,1I,1Y-2P-1I,387
y307kxx,T53,1Y,1I,1I,1Y-1I-1I,255
y307kxx,T60,1Y,1I,1I,1Y-1I-1I,129
y307kxx,T38,1Y,2P,1I,1Y-2P-1I,219
y307kxx,T19,1Y,2P,2P,1Y-2P-2P,288
y307kxx,T09,1Y,1I,2P,1Y-1I-2P,166
y308yxr,T21,1Y,2P,2P,1Y-2P-2P,376
y308yxr,T48,1Y,1I,1I,1Y-1I-1I,270
y308yxr,T35,1Y,2P,1I,1Y-2P-1I,195
y308yxr,T55,1Y,1I,1I,1Y-1I-1I,425
y308yxr,T32,1Y,2P,1I,1Y-2P-1I,209
y308yxr,T36,1Y,2P,1I,1Y-2P-1I,237
y308yxr,T15,1Y,1I,2P,1Y-1I-2P,229
y308yxr,T06,1Y,1I,2P,1Y-1I-2P,202
y308yxr,T44,1Y,2P,1I,1Y-2P-1I,204
y308yxr,T39,1Y,2P,1I,1Y-2P-1I,238
y308yxr,T09,1Y,1I,2P,1Y-1I-2P,215
y308yxr,T53,1Y,1I,1I,1Y-1I-1I,345
y308yxr,T10,1Y,1I,2P,1Y-1I-2P,235
y308yxr,T46,1Y,1I,1I,1Y-1I-1I,258
y308yxr,T27,1Y,2P,2P,1Y-2P-2P,362
y308yxr,T26,1Y,2P,2P,1Y-2P-2P,239
y308yxr,T28,1Y,2P,2P,1Y-2P-2P,231
y309zmj,T21,1Y,2P,2P,1Y-2P-2P,323
y309zmj,T33,1Y,2P,1I,1Y-2P-1I,272
y309zmj,T55,1Y,1I,1I,1Y-1I-1I,312
y309zmj,T16,1Y,2P,2P,1Y-2P-2P,330
y309zmj,T50,1Y,1I,1I,1Y-1I-1I,201
y309zmj,T37,1Y,2P,1I,1Y-2P-1I,551
y309zmj,T08,1Y,1I,2P,1Y-1I-2P,188
y309zmj,T51,1Y,1I,1I,1Y-1I-1I,214
y309zmj,T25,1Y,2P,2P,1Y-2P-2P,379
y309zmj,T38,1Y,2P,1I,1Y-2P-1I,476
y309zmj,T53,1Y,1I,1I,1Y-1I-1I,180
y309zmj,T17,1Y,2P,2P,1Y-2P-2P,459
y309zmj,T30,1Y,2P,2P,1Y-2P-2P,200
y309zmj,T48,1Y,1I,1I,1Y-1I-1I,162
y309zmj,T35,1Y,2P,1I,1Y-2P-1I,476
y309zmj,T43,1Y,2P,1I,1Y-2P-1I,589
y309zmj,T28,1Y,2P,2P,1Y-2P-2P,388
y309zmj,T42,1Y,2P,1I,1Y-2P-1I,459
y309zmj,T44,1Y,2P,1I,1Y-2P-1I,184
y309zmj,T14,1Y,1I,2P,1Y-1I-2P,293
y309zmj,T05,1Y,1I,2P,1Y-1I-2P,330
y309zmj,T19,1Y,2P,2P,1Y-2P-2P,200
y309zmj,T57,1Y,1I,1I,1Y-1I-1I,241
y309zmj,T01,1Y,1I,2P,1Y-1I-2P,192
y309zmj,T20,1Y,2P,2P,1Y-2P-2P,174
y309zmj,T18,1Y,2P,2P,1Y-2P-2P,202
y309zmj,T23,1Y,2P,2P,1Y-2P-2P,203
y309zmj,T06,1Y,1I,2P,1Y-1I-2P,358
y309zmj,T10,1Y,1I,2P,1Y-1I-2P,403
y309zmj,T56,1Y,1I,1I,1Y-1I-1I,184
y309zmj,T47,1Y,1I,1I,1Y-1I-1I,213
y309zmj,T40,1Y,2P,1I,1Y-2P-1I,186
y310hyx,T19,1Y,2P,2P,1Y-2P-2P,277
y310hyx,T11,1Y,1I,2P,1Y-1I-2P,305
y310hyx,T56,1Y,1I,1I,1Y-1I-1I,260
y310hyx,T52,1Y,1I,1I,1Y-1I-1I,271
y310hyx,T47,1Y,1I,1I,1Y-1I-1I,345
y310hyx,T22,1Y,2P,2P,1Y-2P-2P,249
y310hyx,T30,1Y,2P,2P,1Y-2P-2P,208
y310hyx,T42,1Y,2P,1I,1Y-2P-1I,229
y310hyx,T08,1Y,1I,2P,1Y-1I-2P,144
y310hyx,T31,1Y,2P,1I,1Y-2P-1I,389
y310hyx,T44,1Y,2P,1I,1Y-2P-1I,384
y310hyx,T60,1Y,1I,1I,1Y-1I-1I,541
y310hyx,T50,1Y,1I,1I,1Y-1I-1I,201
y310hyx,T09,1Y,1I,2P,1Y-1I-2P,358
y310hyx,T07,1Y,1I,2P,1Y-1I-2P,354
y310hyx,T34,1Y,2P,1I,1Y-2P-1I,285
y310hyx,T54,1Y,1I,1I,1Y-1I-1I,295
y311lq,T26,1Y,2P,2P,1Y-2P-2P,427
y311lq,T34,1Y,2P,1I,1Y-2P-1I,229
y311lq,T55,1Y,1I,1I,1Y-1I-1I,560
y311lq,T60,1Y,1I,1I,1Y-1I-1I,331
y311lq,T51,1Y,1I,1I,1Y-1I-1I,367
y311lq,T40,1Y,2P,1I,1Y-2P-1I,293
y311lq,T43,1Y,2P,1I,1Y-2P-1I,283
y311lq,T30,1Y,2P,2P,1Y-2P-2P,338
y311lq,T22,1Y,2P,2P,1Y-2P-2P,607
y312hxx,T48,1Y,1I,1I,1Y-1I-1I,244
y312hxx,T56,1Y,1I,1I,1Y-1I-1I,464
y312hxx,T26,1Y,2P,2P,1Y-2P-2P,257
y312hxx,T46,1Y,1I,1I,1Y-1I-1I,267
y312hxx,T15,1Y,1I,2P,1Y-1I-2P,226
y312hxx,T21,1Y,2P,2P,1Y-2P-2P,300
y312hxx,T25,1Y,2P,2P,1Y-2P-2P,445
y312hxx,T06,1Y,1I,2P,1Y-1I-2P,315
y312hxx,T45,1Y,2P,1I,1Y-2P-1I,259
y312hxx,T28,1Y,2P,2P,1Y-2P-2P,364
y312hxx,T12,1Y,1I,2P,1Y-1I-2P,315
y312hxx,T50,1Y,1I,1I,1Y-1I-1I,255
y312hxx,T32,1Y,2P,1I,1Y-2P-1I,303
y312hxx,T37,1Y,2P,1I,1Y-2P-1I,170
y312hxx,T24,1Y,2P,2P,1Y-2P-2P,238
y312hxx,T09,1Y,1I,2P,1Y-1I-2P,571
y312hxx,T18,1Y,2P,2P,1Y-2P-2P,433
y313lh,T15,1Y,1I,2P,1Y-1I-2P,301
y313lh,T27,1Y,2P,2P,1Y-2P-2P,314
y313lh,T57,1Y,1I,1I,1Y-1I-1I,218
y313lh,T16,1Y,2P,2P,1Y-2P-2P,334
y313lh,T45,1Y,2P,1I,1Y-2P-1I,406
y313lh,T18,1Y,2P,2P,1Y-2P-2P,244
y313lh,T50,1Y,1I,1I,1Y-1I-1I,500
y313lh,T04,1Y,1I,2P,1Y-1I-2P,351
y313lh,T08,1Y,1I,2P,1Y-1I-2P,253
y313lh,T22,1Y,2P,2P,1Y-2P-2P,487
y313lh,T44,1Y,2P,1I,1Y-2P-1I,271
y401xlq,T26,1Y,1I,2P,1Y-1I-2P,305
y401xlq,T15,1Y,2P,2P,1Y-2P-2P,666
y401xlq,T19,1Y,1I,2P,1Y-1I-2P,280
y401xlq,T10,1Y,2P,2P,1Y-2P-2P,266
y401xlq,T32,1Y,1I,1I,1Y-1I-1I,234
y402ls,T49,1Y,2P,1I,1Y-2P-1I,206
y402ls,T36,1Y,1I,1I,1Y-1I-1I,179
y402ls,T17,1Y,1I,2P,1Y-1I-2P,184
y402ls,T10,1Y,2P,2P,1Y-2P-2P,131
y402ls,T13,1Y,2P,2P,1Y-2P-2P,190
y402ls,T01,1Y,2P,2P,1Y-2P-2P,248
y402ls,T22,1Y,1I,2P,1Y-1I-2P,232
y402ls,T40,1Y,1I,1I,1Y-1I-1I,199
y402ls,T33,1Y,1I,1I,1Y-1I-1I,175
y402ls,T37,1Y,1I,1I,1Y-1I-1I,168
y402ls,T16,1Y,1I,2P,1Y-1I-2P,498
y402ls,T43,1Y,1I,1I,1Y-1I-1I,132
y402ls,T42,1Y,1I,1I,1Y-1I-1I,243
y402ls,T51,1Y,2P,1I,1Y-2P-1I,163
y402ls,T25,1Y,1I,2P,1Y-1I-2P,154
y402ls,T39,1Y,1I,1I,1Y-1I-1I,255
y402ls,T07,1Y,2P,2P,1Y-2P-2P,235
y402ls,T56,1Y,2P,1I,1Y-2P-1I,167
y402ls,T34,1Y,1I,1I,1Y-1I-1I,194
y402ls,T44,1Y,1I,1I,1Y-1I-1I,139
y402ls,T20,1Y,1I,2P,1Y-1I-2P,172
y402ls,T45,1Y,1I,1I,1Y-1I-1I,176
y402ls,T03,1Y,2P,2P,1Y-2P-2P,402
y402ls,T24,1Y,1I,2P,1Y-1I-2P,165
y402ls,T26,1Y,1I,2P,1Y-1I-2P,136
y402ls,T21,1Y,1I,2P,1Y-1I-2P,317
y402ls,T09,1Y,2P,2P,1Y-2P-2P,642
y403sxs,T22,1Y,1I,2P,1Y-1I-2P,277
y403sxs,T25,1Y,1I,2P,1Y-1I-2P,129
y403sxs,T48,1Y,2P,1I,1Y-2P-1I,323
y403sxs,T17,1Y,1I,2P,1Y-1I-2P,314
y403sxs,T26,1Y,1I,2P,1Y-1I-2P,240
y403sxs,T54,1Y,2P,1I,1Y-2P-1I,302
y403sxs,T40,1Y,1I,1I,1Y-1I-1I,386
y403sxs,T35,1Y,1I,1I,1Y-1I-1I,382
y403sxs,T21,1Y,1I,2P,1Y-1I-2P,363
y403sxs,T57,1Y,2P,1I,1Y-2P-1I,536
y403sxs,T04,1Y,2P,2P,1Y-2P-2P,306
y403sxs,T27,1Y,1I,2P,1Y-1I-2P,343
y403sxs,T34,1Y,1I,1I,1Y-1I-1I,262
y403sxs,T15,1Y,2P,2P,1Y-2P-2P,258
y403sxs,T53,1Y,2P,1I,1Y-2P-1I,192
y403sxs,T10,1Y,2P,2P,1Y-2P-2P,313
y403sxs,T05,1Y,2P,2P,1Y-2P-2P,222
y403sxs,T12,1Y,2P,2P,1Y-2P-2P,352
y403sxs,T30,1Y,1I,2P,1Y-1I-2P,324
y403sxs,T06,1Y,2P,2P,1Y-2P-2P,433
y403sxs,T37,1Y,1I,1I,1Y-1I-1I,277
y403sxs,T08,1Y,2P,2P,1Y-2P-2P,239
y403sxs,T01,1Y,2P,2P,1Y-2P-2P,388
y404drm,T09,1Y,2P,2P,1Y-2P-2P,287
y404drm,T26,1Y,1I,2P,1Y-1I-2P,404
y404drm,T11,1Y,2P,2P,1Y-2P-2P,234
y404drm,T49,1Y,2P,1I,1Y-2P-1I,173
y404drm,T31,1Y,1I,1I,1Y-1I-1I,213
y404drm,T55,1Y,2P,1I,1Y-2P-1I,234
y404drm,T52,1Y,2P,1I,1Y-2P-1I,233
y404drm,T42,1Y,1I,1I,1Y-1I-1I,226
y404drm,T04,1Y,2P,2P,1Y-2P-2P,268
y404drm,T36,1Y,1I,1I,1Y-1I-1I,263
y404drm,T38,1Y,1I,1I,1Y-1I-1I,221
y404drm,T24,1Y,1I,2P,1Y-1I-2P,271
y404drm,T03,1Y,2P,2P,1Y-2P-2P,314
y404drm,T19,1Y,1I,2P,1Y-1I-2P,232
y404drm,T23,1Y,1I,2P,1Y-1I-2P,338
y404drm,T56,1Y,2P,1I,1Y-2P-1I,222
y404drm,T17,1Y,1I,2P,1Y-1I-2P,245
y404drm,T13,1Y,2P,2P,1Y-2P-2P,289
y404drm,T43,1Y,1I,1I,1Y-1I-1I,205
y405cgw,T45,1Y,1I,1I,1Y-1I-1I,291
y405cgw,T38,1Y,1I,1I,1Y-1I-1I,379
y405cgw,T59,1Y,2P,1I,1Y-2P-1I,278
y405cgw,T34,1Y,1I,1I,1Y-1I-1I,179
y405cgw,T46,1Y,2P,1I,1Y-2P-1I,478
y405cgw,T43,1Y,1I,1I,1Y-1I-1I,260
y405cgw,T14,1Y,2P,2P,1Y-2P-2P,243
y405cgw,T26,1Y,1I,2P,1Y-1I-2P,501
y405cgw,T53,1Y,2P,1I,1Y-2P-1I,210
y405cgw,T15,1Y,2P,2P,1Y-2P-2P,351
y405cgw,T52,1Y,2P,1I,1Y-2P-1I,217
y405cgw,T27,1Y,1I,2P,1Y-1I-2P,503
y405cgw,T31,1Y,1I,1I,1Y-1I-1I,302
y405cgw,T54,1Y,2P,1I,1Y-2P-1I,270
y405cgw,T49,1Y,2P,1I,1Y-2P-1I,238
y405cgw,T09,1Y,2P,2P,1Y-2P-2P,413
y405cgw,T01,1Y,2P,2P,1Y-2P-2P,201
y405cgw,T23,1Y,1I,2P,1Y-1I-2P,114
y405cgw,T29,1Y,1I,2P,1Y-1I-2P,250
y405cgw,T56,1Y,2P,1I,1Y-2P-1I,341
y405cgw,T08,1Y,2P,2P,1Y-2P-2P,272
y405cgw,T22,1Y,1I,2P,1Y-1I-2P,255
y405cgw,T07,1Y,2P,2P,1Y-2P-2P,123
y405cgw,T42,1Y,1I,1I,1Y-1I-1I,184
y405cgw,T25,1Y,1I,2P,1Y-1I-2P,257
y405cgw,T47,1Y,2P,1I,1Y-2P-1I,158
y405cgw,T57,1Y,2P,1I,1Y-2P-1I,245
y405cgw,T36,1Y,1I,1I,1Y-1I-1I,255
y406gq,T11,1Y,2P,2P,1Y-2P-2P,229
y406gq,T22,1Y,1I,2P,1Y-1I-2P,342
y406gq,T03,1Y,2P,2P,1Y-2P-2P,421
y406gq,T38,1Y,1I,1I,1Y-1I-1I,503
y406gq,T08,1Y,2P,2P,1Y-2P-2P,184
y406gq,T32,1Y,1I,1I,1Y-1I-1I,229
y406gq,T30,1Y,1I,2P,1Y-1I-2P,389
y406gq,T07,1Y,2P,2P,1Y-2P-2P,386
y406gq,T09,1Y,2P,2P,1Y-2P-2P,256
y407zsn,T22,1Y,1I,2P,1Y-1I-2P,162
y407zsn,T13,1Y,2P,2P,1Y-2P-2P,194
y407zsn,T47,1Y,2P,1I,1Y-2P-1I,219
y407zsn,T20,1Y,1I,2P,1Y-1I-2P,155
y407zsn,T39,1Y,1I,1I,1Y-1I-1I,226
y407zsn,T59,1Y,2P,1I,1Y-2P-1I,178
y407zsn,T33,1Y,1I,1I,1Y-1I-1I,258
y407zsn,T51,1Y,2P,1I,1Y-2P-1I,169
y407zsn,T57,1Y,2P,1I,1Y-2P-1I,226
y407zsn,T24,1Y,1I,2P,1Y-1I-2P,120
y407zsn,T58,1Y,2P,1I,1Y-2P-1I,192
y407zsn,T49,1Y,2P,1I,1Y-2P-1I,145
y407zsn,T01,1Y,2P,2P,1Y-2P-2P,222
y407zsn,T35,1Y,1I,1I,1Y-1I-1I,156
y408zgm,T51,1Y,2P,1I,1Y-2P-1I,257
y408zgm,T38,1Y,1I,1I,1Y-1I-1I,380
y408zgm,T04,1Y,2P,2P,1Y-2P-2P,529
y408zgm,T09,1Y,2P,2P,1Y-2P-2P,394
y408zgm,T55,1Y,2P,1I,1Y-2P-1I,367
y408zgm,T08,1Y,2P,2P,1Y-2P-2P,491
y408zgm,T15,1Y,2P,2P,1Y-2P-2P,189
y408zgm,T24,1Y,1I,2P,1Y-1I-2P,1069
y408zgm,T01,1Y,2P,2P,1Y-2P-2P,412
y408zgm,T53,1Y,2P,1I,1Y-2P-1I,231
y408zgm,T54,1Y,2P,1I,1Y-2P-1I,261
y408zgm,T23,1Y,1I,2P,1Y-1I-2P,248
y408zgm,T59,1Y,2P,1I,1Y-2P-1I,521
y408zgm,T25,1Y,1I,2P,1Y-1I-2P,393
y408zgm,T34,1Y,1I,1I,1Y-1I-1I,374
y408zgm,T14,1Y,2P,2P,1Y-2P-2P,255
y408zgm,T56,1Y,2P,1I,1Y-2P-1I,246
y408zgm,T44,1Y,1I,1I,1Y-1I-1I,255
y408zgm,T22,1Y,1I,2P,1Y-1I-2P,232
y408zgm,T17,1Y,1I,2P,1Y-1I-2P,377
y408zgm,T48,1Y,2P,1I,1Y-2P-1I,478
y408zgm,T32,1Y,1I,1I,1Y-1I-1I,333
y408zgm,T27,1Y,1I,2P,1Y-1I-2P,423
y409zh,T04,1Y,2P,2P,1Y-2P-2P,347
y409zh,T06,1Y,2P,2P,1Y-2P-2P,398
y409zh,T11,1Y,2P,2P,1Y-2P-2P,541
y409zh,T24,1Y,1I,2P,1Y-1I-2P,410
y409zh,T52,1Y,2P,1I,1Y-2P-1I,374
y409zh,T40,1Y,1I,1I,1Y-1I-1I,195
y409zh,T55,1Y,2P,1I,1Y-2P-1I,371
y409zh,T17,1Y,1I,2P,1Y-1I-2P,373
y409zh,T09,1Y,2P,2P,1Y-2P-2P,420
y409zh,T38,1Y,1I,1I,1Y-1I-1I,352
y409zh,T20,1Y,1I,2P,1Y-1I-2P,396
y409zh,T42,1Y,1I,1I,1Y-1I-1I,273
y409zh,T28,1Y,1I,2P,1Y-1I-2P,252
y409zh,T18,1Y,1I,2P,1Y-1I-2P,392
y409zh,T48,1Y,2P,1I,1Y-2P-1I,341
y409zh,T13,1Y,2P,2P,1Y-2P-2P,271
y409zh,T14,1Y,2P,2P,1Y-2P-2P,506
y409zh,T19,1Y,1I,2P,1Y-1I-2P,334
y409zh,T39,1Y,1I,1I,1Y-1I-1I,275
y409zh,T15,1Y,2P,2P,1Y-2P-2P,321
y409zh,T26,1Y,1I,2P,1Y-1I-2P,321
y409zh,T57,1Y,2P,1I,1Y-2P-1I,366
y409zh,T56,1Y,2P,1I,1Y-2P-1I,317
y409zh,T22,1Y,1I,2P,1Y-1I-2P,324
y409zh,T50,1Y,2P,1I,1Y-2P-1I,241
y409zh,T60,1Y,2P,1I,1Y-2P-1I,501
y409zh,T25,1Y,1I,2P,1Y-1I-2P,320
y409zh,T12,1Y,2P,2P,1Y-2P-2P,389
y409zh,T10,1Y,2P,2P,1Y-2P-2P,438
y409zh,T58,1Y,2P,1I,1Y-2P-1I,231
y410ly,T26,1Y,1I,2P,1Y-1I-2P,276
y410ly,T38,1Y,1I,1I,1Y-1I-1I,277
y410ly,T11,1Y,2P,2P,1Y-2P-2P,265
y410ly,T44,1Y,1I,1I,1Y-1I-1I,177
y410ly,T17,1Y,1I,2P,1Y-1I-2P,218
y410ly,T04,1Y,2P,2P,1Y-2P-2P,191
y410ly,T30,1Y,1I,2P,1Y-1I-2P,171
y410ly,T22,1Y,1I,2P,1Y-1I-2P,251
y410ly,T54,1Y,2P,1I,1Y-2P-1I,98
y410ly,T46,1Y,2P,1I,1Y-2P-1I,266
y410ly,T57,1Y,2P,1I,1Y-2P-1I,143
y411ylj,T35,1Y,1I,1I,1Y-1I-1I,282
y411ylj,T18,1Y,1I,2P,1Y-1I-2P,117
y411ylj,T27,1Y,1I,2P,1Y-1I-2P,143
y411ylj,T54,1Y,2P,1I,1Y-2P-1I,204
y411ylj,T08,1Y,2P,2P,1Y-2P-2P,225
y411ylj,T14,1Y,2P,2P,1Y-2P-2P,155
y411ylj,T16,1Y,1I,2P,1Y-1I-2P,196
y411ylj,T49,1Y,2P,1I,1Y-2P-1I,407
y411ylj,T57,1Y,2P,1I,1Y-2P-1I,347
y411ylj,T36,1Y,1I,1I,1Y-1I-1I,296
y411ylj,T32,1Y,1I,1I,1Y-1I-1I,342
y411ylj,T17,1Y,1I,2P,1Y-1I-2P,139
y411ylj,T40,1Y,1I,1I,1Y-1I-1I,442
y411ylj,T52,1Y,2P,1I,1Y-2P-1I,309
o101zdk,T12,2O,1I,1I,2O-1I-1I,209
o101zdk,T31,2O,1I,2P,2O-1I-2P,440
o101zdk,T30,2O,2P,1I,2O-2P-1I,385
o101zdk,T24,2O,2P,1I,2O-2P-1I,207
o101zdk,T52,2O,2P,2P,2O-2P-2P,322
o101zdk,T35,2O,1I,2P,2O-1I-2P,387
o101zdk,T16,2O,2P,1I,2O-2P-1I,176
o101zdk,T53,2O,2P,2P,2O-2P-2P,91
o101zdk,T02,2O,1I,1I,2O-1I-1I,406
o101zdk,T17,2O,2P,1I,2O-2P-1I,214
o101zdk,T32,2O,1I,2P,2O-1I-2P,129
o101zdk,T03,2O,1I,1I,2O-1I-1I,153
o101zdk,T47,2O,2P,2P,2O-2P-2P,473
o101zdk,T43,2O,1I,2P,2O-1I-2P,162
o101zdk,T21,2O,2P,1I,2O-2P-1I,544
o101zdk,T58,2O,2P,2P,2O-2P-2P,104
o101zdk,T60,2O,2P,2P,2O-2P-2P,286
o101zdk,T37,2O,1I,2P,2O-1I-2P,258
o101zdk,T22,2O,2P,1I,2O-2P-1I,274
o101zdk,T54,2O,2P,2P,2O-2P-2P,388
o101zdk,T48,2O,2P,2P,2O-2P-2P,450
o101zdk,T33,2O,1I,2P,2O-1I-2P,356
o101zdk,T34,2O,1I,2P,2O-1I-2P,463
o101zdk,T26,2O,2P,1I,2O-2P-1I,437
o101zdk,T42,2O,1I,2P,2O-1I-2P,341
o101zdk,T56,2O,2P,2P,2O-2P-2P,328
o102ygq,T18,2O,2P,1I,2O-2P-1I,121
o102ygq,T15,2O,1I,1I,2O-1I-1I,149
o102ygq,T07,2O,1I,1I,2O-1I-1I,195
o102ygq,T06,2O,1I,1I,2O-1I-1I,158
o102ygq,T60,2O,2P,2P,2O-2P-2P,347
o102ygq,T16,2O,2P,1I,2O-2P-1I,212
o102ygq,T33,2O,1I,2P,2O-1I-2P,128
o102ygq,T11,2O,1I,1I,2O-1I-1I,136
o102ygq,T31,2O,1I,2P,2O-1I-2P,107
o102ygq,T46,2O,2P,2P,2O-2P-2P,133
o102ygq,T44,2O,1I,2P,2O-1I-2P,199
o102ygq,T50,2O,2P,2P,2O-2P-2P,231
o102ygq,T05,2O,1I,1I,2O-1I-1I,247
o102ygq,T55,2O,2P,2P,2O-2P-2P,268
o102ygq,T10,2O,1I,1I,2O-1I-1I,173
o102ygq,T54,2O,2P,2P,2O-2P-2P,230
o102ygq,T34,2O,1I,2P,2O-1I-2P,180
o102ygq,T01,2O,1I,1I,2O-1I-1I,163
o102ygq,T12,2O,1I,1I,2O-1I-1I,177
o102ygq,T49,2O,2P,2P,2O-2P-2P,241
o102ygq,T14,2O,1I,1I,2O-1I-1I,150
o102ygq,T43,2O,1I,2P,2O-1I-2P,117
o102ygq,T52,2O,2P,2P,2O-2P-2P,267
o102ygq,T36,2O,1I,2P,2O-1I-2P,153
o102ygq,T28,2O,2P,1I,2O-2P-1I,267
o102ygq,T58,2O,2P,2P,2O-2P-2P,287
o102ygq,T35,2O,1I,2P,2O-1I-2P,168
o102ygq,T13,2O,1I,1I,2O-1I-1I,140
o102ygq,T30,2O,2P,1I,2O-2P-1I,131
o102ygq,T09,2O,1I,1I,2O-1I-1I,291
o102ygq,T21,2O,2P,1I,2O-2P-1I,362
o102ygq,T38,2O,1I,2P,2O-1I-2P,173
o102ygq,T40,2O,1I,2P,2O-1I-2P,206
o102ygq,T24,2O,2P,1I,2O-2P-1I,165
o102ygq,T48,2O,2P,2P,2O-2P-2P,147
o103wlh,T28,2O,2P,1I,2O-2P-1I,174
o103wlh,T49,2O,2P,2P,2O-2P-2P,184
o103wlh,T03,2O,1I,1I,2O-1I-1I,160
o103wlh,T10,2O,1I,1I,2O-1I-1I,135
o103wlh,T47,2O,2P,2P,2O-2P-2P,150
o103wlh,T07,2O,1I,1I,2O-1I-1I,131
o103wlh,T08,2O,1I,1I,2O-1I-1I,119
o104ypc,T55,2O,2P,2P,2O-2P-2P,257
o104ypc,T42,2O,1I,2P,2O-1I-2P,209
o104ypc,T23,2O,2P,1I,2O-2P-1I,264
o104ypc,T31,2O,1I,2P,2O-1I-2P,258
o104ypc,T16,2O,2P,1I,2O-2P-1I,349
o104ypc,T58,2O,2P,2P,2O-2P-2P,261
o104ypc,T20,2O,2P,1I,2O-2P-1I,377
o104ypc,T12,2O,1I,1I,2O-1I-1I,296
o104ypc,T50,2O,2P,2P,2O-2P-2P,244
o104ypc,T30,2O,2P,1I,2O-2P-1I,237
o104ypc,T05,2O,1I,1I,2O-1I-1I,431
o104ypc,T44,2O,1I,2P,2O-1I-2P,308
o104ypc,T54,2O,2P,2P,2O-2P-2P,226
o104ypc,T33,2O,1I,2P,2O-1I-2P,258
o104ypc,T56,2O,2P,2P,2O-2P-2P,474
o104ypc,T43,2O,1I,2P,2O-1I-2P,248
o104ypc,T06,2O,1I,1I,2O-1I-1I,367
o104ypc,T59,2O,2P,2P,2O-2P-2P,491
o104ypc,T49,2O,2P,2P,2O-2P-2P,397
o104ypc,T51,2O,2P,2P,2O-2P-2P,226
o104ypc,T52,2O,2P,2P,2O-2P-2P,374
o104ypc,T29,2O,2P,1I,2O-2P-1I,257
o104ypc,T35,2O,1I,2P,2O-1I-2P,171
o104ypc,T04,2O,1I,1I,2O-1I-1I,286
o104ypc,T38,2O,1I,2P,2O-1I-2P,237
o104ypc,T02,2O,1I,1I,2O-1I-1I,279
o104ypc,T41,2O,1I,2P,2O-1I-2P,271
o104ypc,T10,2O,1I,1I,2O-1I-1I,167
o104ypc,T07,2O,1I,1I,2O-1I-1I,222
o104ypc,T09,2O,1I,1I,2O-1I-1I,303
o104ypc,T14,2O,1I,1I,2O-1I-1I,260
o105wj,T15,2O,1I,1I,2O-1I-1I,231
o105wj,T34,2O,1I,2P,2O-1I-2P,249
o105wj,T36,2O,1I,2P,2O-1I-2P,197
o105wj,T35,2O,1I,2P,2O-1I-2P,155
o105wj,T48,2O,2P,2P,2O-2P-2P,202
o105wj,T31,2O,1I,2P,2O-1I-2P,419
o105wj,T13,2O,1I,1I,2O-1I-1I,263
o105wj,T59,2O,2P,2P,2O-2P-2P,216
o105wj,T60,2O,2P,2P,2O-2P-2P,538
o105wj,T27,2O,2P,1I,2O-2P-1I,172
o105wj,T12,2O,1I,1I,2O-1I-1I,243
o105wj,T23,2O,2P,1I,2O-2P-1I,343
o105wj,T52,2O,2P,2P,2O-2P-2P,181
o105wj,T16,2O,2P,1I,2O-2P-1I,253
o105wj,T20,2O,2P,1I,2O-2P-1I,178
o105wj,T53,2O,2P,2P,2O-2P-2P,233
o105wj,T02,2O,1I,1I,2O-1I-1I,159
o105wj,T01,2O,1I,1I,2O-1I-1I,189
o105wj,T08,2O,1I,1I,2O-1I-1I,182
o105wj,T24,2O,2P,1I,2O-2P-1I,350
o105wj,T29,2O,2P,1I,2O-2P-1I,199
o105wj,T46,2O,2P,2P,2O-2P-2P,210
o105wj,T05,2O,1I,1I,2O-1I-1I,242
o105wj,T44,2O,1I,2P,2O-1I-2P,126
o105wj,T25,2O,2P,1I,2O-2P-1I,211
o105wj,T49,2O,2P,2P,2O-2P-2P,671
o105wj,T55,2O,2P,2P,2O-2P-2P,326
o105wj,T41,2O,1I,2P,2O-1I-2P,319
o105wj,T56,2O,2P,2P,2O-2P-2P,365
o105wj,T22,2O,2P,1I,2O-2P-1I,335
o105wj,T21,2O,2P,1I,2O-2P-1I,171
o105wj,T06,2O,1I,1I,2O-1I-1I,204
o105wj,T11,2O,1I,1I,2O-1I-1I,181
o204lh,T02,2O,2P,1I,2O-2P-1I,353
o204lh,T04,2O,2P,1I,2O-2P-1I,250
o204lh,T03,2O,2P,1I,2O-2P-1I,199
o204lh,T15,2O,2P,1I,2O-2P-1I,689
o204lh,T34,2O,2P,2P,2O-2P-2P,159
o204lh,T37,2O,2P,2P,2O-2P-2P,259
o204lh,T26,2O,1I,1I,2O-1I-1I,446
o204lh,T50,2O,1I,2P,2O-1I-2P,294
o204lh,T43,2O,2P,2P,2O-2P-2P,286
o204lh,T35,2O,2P,2P,2O-2P-2P,272
o204lh,T46,2O,1I,2P,2O-1I-2P,213
o204lh,T48,2O,1I,2P,2O-1I-2P,276
o204lh,T29,2O,1I,1I,2O-1I-1I,465
o204lh,T06,2O,2P,1I,2O-2P-1I,284
o204lh,T51,2O,1I,2P,2O-1I-2P,534
o204lh,T31,2O,2P,2P,2O-2P-2P,320
o204lh,T12,2O,2P,1I,2O-2P-1I,283
o204lh,T11,2O,2P,1I,2O-2P-1I,686
o204lh,T58,2O,1I,2P,2O-1I-2P,797
o204lh,T22,2O,1I,1I,2O-1I-1I,285
o204lh,T14,2O,2P,1I,2O-2P-1I,240
o204lh,T21,2O,1I,1I,2O-1I-1I,380
o204lh,T32,2O,2P,2P,2O-2P-2P,452
o204lh,T49,2O,1I,2P,2O-1I-2P,387
o204lh,T41,2O,2P,2P,2O-2P-2P,433
o204lh,T05,2O,2P,1I,2O-2P-1I,223
o204lh,T38,2O,2P,2P,2O-2P-2P,245
o204lh,T44,2O,2P,2P,2O-2P-2P,299
o204lh,T40,2O,2P,2P,2O-2P-2P,300
o204lh,T45,2O,2P,2P,2O-2P-2P,462
o204lh,T07,2O,2P,1I,2O-2P-1I,519
o204lh,T01,2O,2P,1I,2O-2P-1I,251
o204lh,T47,2O,1I,2P,2O-1I-2P,286
o204lh,T55,2O,1I,2P,2O-1I-2P,570
o204lh,T33,2O,2P,2P,2O-2P-2P,482
o204lh,T56,2O,1I,2P,2O-1I-2P,469
o204lh,T30,2O,1I,1I,2O-1I-1I,286
o204lh,T25,2O,1I,1I,2O-1I-1I,355
o204lh,T39,2O,2P,2P,2O-2P-2P,323
o204lh,T09,2O,2P,1I,2O-2P-1I,590
o204lh,T16,2O,1I,1I,2O-1I-1I,452
o204lh,T54,2O,1I,2P,2O-1I-2P,538
o206xsq,T46,2O,1I,2P,2O-1I-2P,133
o206xsq,T43,2O,2P,2P,2O-2P-2P,265
o206xsq,T16,2O,1I,1I,2O-1I-1I,334
o206xsq,T05,2O,2P,1I,2O-2P-1I,334
o206xsq,T48,2O,1I,2P,2O-1I-2P,302
o206xsq,T08,2O,2P,1I,2O-2P-1I,163
o206xsq,T24,2O,1I,1I,2O-1I-1I,381
o206xsq,T21,2O,1I,1I,2O-1I-1I,276
o206xsq,T50,2O,1I,2P,2O-1I-2P,323
o207lxy,T27,2O,1I,1I,2O-1I-1I,425
o207lxy,T09,2O,2P,1I,2O-2P-1I,597
o207lxy,T35,2O,2P,2P,2O-2P-2P,353
o207lxy,T44,2O,2P,2P,2O-2P-2P,212
o207lxy,T53,2O,1I,2P,2O-1I-2P,234
o207lxy,T33,2O,2P,2P,2O-2P-2P,250
o207lxy,T05,2O,2P,1I,2O-2P-1I,337
o207lxy,T50,2O,1I,2P,2O-1I-2P,523
o207lxy,T32,2O,2P,2P,2O-2P-2P,386
o207lxy,T18,2O,1I,1I,2O-1I-1I,274
o207lxy,T40,2O,2P,2P,2O-2P-2P,301
o207lxy,T13,2O,2P,1I,2O-2P-1I,235
o207lxy,T30,2O,1I,1I,2O-1I-1I,268
o207lxy,T36,2O,2P,2P,2O-2P-2P,559
o207lxy,T39,2O,2P,2P,2O-2P-2P,192
o207lxy,T10,2O,2P,1I,2O-2P-1I,167
o207lxy,T02,2O,2P,1I,2O-2P-1I,198
o207lxy,T34,2O,2P,2P,2O-2P-2P,239
o207lxy,T17,2O,1I,1I,2O-1I-1I,285
o207lxy,T03,2O,2P,1I,2O-2P-1I,415
o207lxy,T26,2O,1I,1I,2O-1I-1I,274
o207lxy,T60,2O,1I,2P,2O-1I-2P,600
o207lxy,T51,2O,1I,2P,2O-1I-2P,409
o207lxy,T56,2O,1I,2P,2O-1I-2P,360
o207lxy,T16,2O,1I,1I,2O-1I-1I,150
o207lxy,T57,2O,1I,2P,2O-1I-2P,673
o207lxy,T19,2O,1I,1I,2O-1I-1I,249
o208zgz,T25,2O,1I,1I,2O-1I-1I,296
o208zgz,T18,2O,1I,1I,2O-1I-1I,216
o208zgz,T19,2O,1I,1I,2O-1I-1I,108
o208zgz,T02,2O,2P,1I,2O-2P-1I,273
o208zgz,T03,2O,2P,1I,2O-2P-1I,501
o208zgz,T13,2O,2P,1I,2O-2P-1I,265
o208zgz,T41,2O,2P,2P,2O-2P-2P,119
o208zgz,T49,2O,1I,2P,2O-1I-2P,457
o208zgz,T12,2O,2P,1I,2O-2P-1I,388
o208zgz,T54,2O,1I,2P,2O-1I-2P,372
o208zgz,T05,2O,2P,1I,2O-2P-1I,287
o208zgz,T47,2O,1I,2P,2O-1I-2P,291
o208zgz,T07,2O,2P,1I,2O-2P-1I,207
o208zgz,T17,2O,1I,1I,2O-1I-1I,361
o208zgz,T46,2O,1I,2P,2O-1I-2P,178
o208zgz,T14,2O,2P,1I,2O-2P-1I,133
o208zgz,T37,2O,2P,2P,2O-2P-2P,317
o208zgz,T24,2O,1I,1I,2O-1I-1I,128
o208zgz,T58,2O,1I,2P,2O-1I-2P,210
o208zgz,T23,2O,1I,1I,2O-1I-1I,168
o208zgz,T36,2O,2P,2P,2O-2P-2P,342
o208zgz,T15,2O,2P,1I,2O-2P-1I,266
o208zgz,T56,2O,1I,2P,2O-1I-2P,173
o209xj,T45,2O,2P,2P,2O-2P-2P,276
o209xj,T15,2O,2P,1I,2O-2P-1I,446
o209xj,T30,2O,1I,1I,2O-1I-1I,254
o209xj,T56,2O,1I,2P,2O-1I-2P,632
o209xj,T17,2O,1I,1I,2O-1I-1I,275
o209xj,T32,2O,2P,2P,2O-2P-2P,305
o209xj,T47,2O,1I,2P,2O-1I-2P,503
o209xj,T42,2O,2P,2P,2O-2P-2P,236
o209xj,T41,2O,2P,2P,2O-2P-2P,283
o209xj,T54,2O,1I,2P,2O-1I-2P,185
o301wwd,T24,2O,2P,2P,2O-2P-2P,324
o301wwd,T10,2O,1I,2P,2O-1I-2P,224
o301wwd,T60,2O,1I,1I,2O-1I-1I,471
o301wwd,T05,2O,1I,2P,2O-1I-2P,309
o301wwd,T30,2O,2P,2P,2O-2P-2P,373
o301wwd,T20,2O,2P,2P,2O-2P-2P,207
o301wwd,T16,2O,2P,2P,2O-2P-2P,249
o301wwd,T33,2O,2P,1I,2O-2P-1I,237
o301wwd,T13,2O,1I,2P,2O-1I-2P,486
o301wwd,T37,2O,2P,1I,2O-2P-1I,620
o301wwd,T48,2O,1I,1I,2O-1I-1I,405
o301wwd,T53,2O,1I,1I,2O-1I-1I,356
o301wwd,T39,2O,2P,1I,2O-2P-1I,164
o301wwd,T49,2O,1I,1I,2O-1I-1I,376
o301wwd,T19,2O,2P,2P,2O-2P-2P,120
o301wwd,T58,2O,1I,1I,2O-1I-1I,221
o302qzh,T28,2O,2P,2P,2O-2P-2P,253
o302qzh,T58,2O,1I,1I,2O-1I-1I,314
o302qzh,T03,2O,1I,2P,2O-1I-2P,326
o302qzh,T07,2O,1I,2P,2O-1I-2P,506
o302qzh,T02,2O,1I,2P,2O-1I-2P,403
o303zjy,T52,2O,1I,1I,2O-1I-1I,332
o303zjy,T51,2O,1I,1I,2O-1I-1I,527
o303zjy,T39,2O,2P,1I,2O-2P-1I,344
o303zjy,T16,2O,2P,2P,2O-2P-2P,254
o303zjy,T08,2O,1I,2P,2O-1I-2P,301
o303zjy,T31,2O,2P,1I,2O-2P-1I,218
o303zjy,T07,2O,1I,2P,2O-1I-2P,148
o303zjy,T13,2O,1I,2P,2O-1I-2P,233
o303zjy,T09,2O,1I,2P,2O-1I-2P,446
o303zjy,T21,2O,2P,2P,2O-2P-2P,288
o303zjy,T45,2O,2P,1I,2O-2P-1I,269
o303zjy,T20,2O,2P,2P,2O-2P-2P,370
o303zjy,T01,2O,1I,2P,2O-1I-2P,448
o303zjy,T59,2O,1I,1I,2O-1I-1I,98
o303zjy,T53,2O,1I,1I,2O-1I-1I,129
o303zjy,T19,2O,2P,2P,2O-2P-2P,221
o303zjy,T11,2O,1I,2P,2O-1I-2P,403
o303zjy,T33,2O,2P,1I,2O-2P-1I,288
o303zjy,T27,2O,2P,2P,2O-2P-2P,156
o303zjy,T26,2O,2P,2P,2O-2P-2P,242
o304llj,T47,2O,1I,1I,2O-1I-1I,408
o304llj,T55,2O,1I,1I,2O-1I-1I,147
o304llj,T19,2O,2P,2P,2O-2P-2P,213
o304llj,T24,2O,2P,2P,2O-2P-2P,153
o304llj,T10,2O,1I,2P,2O-1I-2P,212
o304llj,T35,2O,2P,1I,2O-2P-1I,187
o304llj,T58,2O,1I,1I,2O-1I-1I,171
o304llj,T57,2O,1I,1I,2O-1I-1I,100
o304llj,T13,2O,1I,2P,2O-1I-2P,212
o304llj,T03,2O,1I,2P,2O-1I-2P,142
o304llj,T15,2O,1I,2P,2O-1I-2P,395
o304llj,T50,2O,1I,1I,2O-1I-1I,231
o304llj,T44,2O,2P,1I,2O-2P-1I,259
o304llj,T08,2O,1I,2P,2O-1I-2P,277
o304llj,T38,2O,2P,1I,2O-2P-1I,112
o304llj,T37,2O,2P,1I,2O-2P-1I,139
o304llj,T22,2O,2P,2P,2O-2P-2P,154
o304llj,T32,2O,2P,1I,2O-2P-1I,296
o304llj,T16,2O,2P,2P,2O-2P-2P,214
o304llj,T05,2O,1I,2P,2O-1I-2P,189
o304llj,T14,2O,1I,2P,2O-1I-2P,194
o304llj,T17,2O,2P,2P,2O-2P-2P,533
o304llj,T43,2O,2P,1I,2O-2P-1I,176
o304llj,T60,2O,1I,1I,2O-1I-1I,229
o304llj,T34,2O,2P,1I,2O-2P-1I,222
o304llj,T06,2O,1I,2P,2O-1I-2P,167
o304llj,T30,2O,2P,2P,2O-2P-2P,342
o304llj,T52,2O,1I,1I,2O-1I-1I,369
o304llj,T02,2O,1I,2P,2O-1I-2P,386
o304llj,T12,2O,1I,2P,2O-1I-2P,231
o304llj,T33,2O,2P,1I,2O-2P-1I,193
o304llj,T36,2O,2P,1I,2O-2P-1I,204
o304llj,T27,2O,2P,2P,2O-2P-2P,400
o305yhm,T43,2O,2P,1I,2O-2P-1I,397
o305yhm,T31,2O,2P,1I,2O-2P-1I,264
o305yhm,T30,2O,2P,2P,2O-2P-2P,276
o305yhm,T16,2O,2P,2P,2O-2P-2P,358
o305yhm,T08,2O,1I,2P,2O-1I-2P,208
o305yhm,T51,2O,1I,1I,2O-1I-1I,318
o305yhm,T35,2O,2P,1I,2O-2P-1I,84
o305yhm,T50,2O,1I,1I,2O-1I-1I,272
o305yhm,T54,2O,1I,1I,2O-1I-1I,214
o305yhm,T58,2O,1I,1I,2O-1I-1I,351
o305yhm,T11,2O,1I,2P,2O-1I-2P,143
o305yhm,T02,2O,1I,2P,2O-1I-2P,222
o305yhm,T40,2O,2P,1I,2O-2P-1I,186
o305yhm,T36,2O,2P,1I,2O-2P-1I,270
o306wls,T03,2O,1I,2P,2O-1I-2P,596
o306wls,T36,2O,2P,1I,2O-2P-1I,494
o306wls,T02,2O,1I,2P,2O-1I-2P,258
o306wls,T51,2O,1I,1I,2O-1I-1I,255
o306wls,T08,2O,1I,2P,2O-1I-2P,230
o306wls,T17,2O,2P,2P,2O-2P-2P,466
o306wls,T37,2O,2P,1I,2O-2P-1I,422
o306wls,T20,2O,2P,2P,2O-2P-2P,587
o306wls,T42,2O,2P,1I,2O-2P-1I,438
o306wls,T24,2O,2P,2P,2O-2P-2P,278
o306wls,T48,2O,1I,1I,2O-1I-1I,583
o306wls,T40,2O,2P,1I,2O-2P-1I,453
o306wls,T60,2O,1I,1I,2O-1I-1I,454
o306wls,T29,2O,2P,2P,2O-2P-2P,225
o306wls,T32,2O,2P,1I,2O-2P-1I,274
o306wls,T10,2O,1I,2P,2O-1I-2P,283
o306wls,T49,2O,1I,1I,2O-1I-1I,487
o306wls,T34,2O,2P,1I,2O-2P-1I,442
o306wls,T23,2O,2P,2P,2O-2P-2P,477
o306wls,T26,2O,2P,2P,2O-2P-2P,423
o306wls,T47,2O,1I,1I,2O-1I-1I,176
o306wls,T44,2O,2P,1I,2O-2P-1I,254
o306wls,T05,2O,1I,2P,2O-1I-2P,321
o306wls,T19,2O,2P,2P,2O-2P-2P,257
o306wls,T56,2O,1I,1I,2O-1I-1I,176
o306wls,T58,2O,1I,1I,2O-1I-1I,239
o306wls,T15,2O,1I,2P,2O-1I-2P,249
o306wls,T12,2O,1I,2P,2O-1I-2P,261
o306wls,T16,2O,2P,2P,2O-2P-2P,250
o306wls,T45,2O,2P,1I,2O-2P-1I,560
o306wls,T52,2O,1I,1I,2O-1I-1I,322
o306wls,T54,2O,1I,1I,2O-1I-1I,367
o306wls,T06,2O,1I,2P,2O-1I-2P,375
o306wls,T35,2O,2P,1I,2O-2P-1I,524
o306wls,T43,2O,2P,1I,2O-2P-1I,316
o306wls,T59,2O,1I,1I,2O-1I-1I,384
o306wls,T41,2O,2P,1I,2O-2P-1I,442
o306wls,T38,2O,2P,1I,2O-2P-1I,455
o306wls,T25,2O,2P,2P,2O-2P-2P,209
o401zwg,T21,2O,1I,2P,2O-1I-2P,460
o401zwg,T41,2O,1I,1I,2O-1I-1I,174
o401zwg,T55,2O,2P,1I,2O-2P-1I,158
o402zxl,T25,2O,1I,2P,2O-1I-2P,408
o402zxl,T26,2O,1I,2P,2O-1I-2P,610
o402zxl,T03,2O,2P,2P,2O-2P-2P,356
o402zxl,T37,2O,1I,1I,2O-1I-1I,104
o402zxl,T58,2O,2P,1I,2O-2P-1I,367
o402zxl,T49,2O,2P,1I,2O-2P-1I,281
o402zxl,T51,2O,2P,1I,2O-2P-1I,309
o402zxl,T29,2O,1I,2P,2O-1I-2P,247
o402zxl,T10,2O,2P,2P,2O-2P-2P,221
o402zxl,T31,2O,1I,1I,2O-1I-1I,301
o402zxl,T43,2O,1I,1I,2O-1I-1I,233
o402zxl,T04,2O,2P,2P,2O-2P-2P,191
o402zxl,T34,2O,1I,1I,2O-1I-1I,182
o402zxl,T55,2O,2P,1I,2O-2P-1I,314
o402zxl,T23,2O,1I,2P,2O-1I-2P,214
o402zxl,T12,2O,2P,2P,2O-2P-2P,156
o402zxl,T18,2O,1I,2P,2O-1I-2P,231
o402zxl,T46,2O,2P,1I,2O-2P-1I,152
o402zxl,T15,2O,2P,2P,2O-2P-2P,592
o402zxl,T21,2O,1I,2P,2O-1I-2P,499
o402zxl,T48,2O,2P,1I,2O-2P-1I,301
o402zxl,T16,2O,1I,2P,2O-1I-2P,117
o402zxl,T07,2O,2P,2P,2O-2P-2P,224
o402zxl,T19,2O,1I,2P,2O-1I-2P,304
o402zxl,T45,2O,1I,1I,2O-1I-1I,234
o402zxl,T53,2O,2P,1I,2O-2P-1I,176
o402zxl,T59,2O,2P,1I,2O-2P-1I,311
o402zxl,T02,2O,2P,2P,2O-2P-2P,432
o402zxl,T30,2O,1I,2P,2O-1I-2P,277
o402zxl,T60,2O,2P,1I,2O-2P-1I,721
o402zxl,T28,2O,1I,2P,2O-1I-2P,248
o402zxl,T20,2O,1I,2P,2O-1I-2P,220
o402zxl,T44,2O,1I,1I,2O-1I-1I,233
o402zxl,T08,2O,2P,2P,2O-2P-2P,493
o402zxl,T52,2O,2P,1I,2O-2P-1I,294
o403zlz,T16,2O,1I,2P,2O-1I-2P,428
o403zlz,T38,2O,1I,1I,2O-1I-1I,761
o403zlz,T18,2O,1I,2P,2O-1I-2P,610
o403zlz,T35,2O,1I,1I,2O-1I-1I,343
o403zlz,T10,2O,2P,2P,2O-2P-2P,324
o403zlz,T47,2O,2P,1I,2O-2P-1I,496
o403zlz,T49,2O,2P,1I,2O-2P-1I,421
o403zlz,T39,2O,1I,1I,2O-1I-1I,110
o403zlz,T37,2O,1I,1I,2O-1I-1I,451
o403zlz,T53,2O,2P,1I,2O-2P-1I,478
o403zlz,T31,2O,1I,1I,2O-1I-1I,409
o403zlz,T13,2O,2P,2P,2O-2P-2P,417
o403zlz,T58,2O,2P,1I,2O-2P-1I,282
o403zlz,T45,2O,1I,1I,2O-1I-1I,451
o403zlz,T21,2O,1I,2P,2O-1I-2P,574
o403zlz,T40,2O,1I,1I,2O-1I-1I,480
o403zlz,T56,2O,2P,1I,2O-2P-1I,333
o403zlz,T48,2O,2P,1I,2O-2P-1I,481
o403zlz,T09,2O,2P,2P,2O-2P-2P,396
o403zlz,T42,2O,1I,1I,2O-1I-1I,385
o403zlz,T19,2O,1I,2P,2O-1I-2P,386
o403zlz,T60,2O,2P,1I,2O-2P-1I,495
o403zlz,T08,2O,2P,2P,2O-2P-2P,213
o403zlz,T06,2O,2P,2P,2O-2P-2P,298
o403zlz,T36,2O,1I,1I,2O-1I-1I,292
o403zlz,T34,2O,1I,1I,2O-1I-1I,423
o403zlz,T28,2O,1I,2P,2O-1I-2P,447
o403zlz,T03,2O,2P,2P,2O-2P-2P,392
o403zlz,T05,2O,2P,2P,2O-2P-2P,383
o404yxq,T25,2O,1I,2P,2O-1I-2P,208
o404yxq,T13,2O,2P,2P,2O-2P-2P,215
o404yxq,T47,2O,2P,1I,2O-2P-1I,182
o404yxq,T51,2O,2P,1I,2O-2P-1I,214
o404yxq,T22,2O,1I,2P,2O-1I-2P,87
o404yxq,T16,2O,1I,2P,2O-1I-2P,188
o404yxq,T27,2O,1I,2P,2O-1I-2P,173
o407lzy,T05,2O,2P,2P,2O-2P-2P,334
o407lzy,T45,2O,1I,1I,2O-1I-1I,253
o407lzy,T36,2O,1I,1I,2O-1I-1I,366
o407lzy,T25,2O,1I,2P,2O-1I-2P,150
o407lzy,T24,2O,1I,2P,2O-1I-2P,301
o407lzy,T28,2O,1I,2P,2O-1I-2P,320
o407lzy,T50,2O,2P,1I,2O-2P-1I,269
o407lzy,T30,2O,1I,2P,2O-1I-2P,302
o407lzy,T59,2O,2P,1I,2O-2P-1I,443
o407lzy,T43,2O,1I,1I,2O-1I-1I,293
o407lzy,T26,2O,1I,2P,2O-1I-2P,245
o407lzy,T16,2O,1I,2P,2O-1I-2P,244
o407lzy,T40,2O,1I,1I,2O-1I-1I,241
o407lzy,T49,2O,2P,1I,2O-2P-1I,226
o407lzy,T03,2O,2P,2P,2O-2P-2P,293
o407lzy,T01,2O,2P,2P,2O-2P-2P,186
o407lzy,T56,2O,2P,1I,2O-2P-1I,300
o407lzy,T02,2O,2P,2P,2O-2P-2P,245
